path,sampleID
/home/glbrc.org/trina.mcmahon/TYMEFLIES/data/experiment_35061/TYMME0rr0846_FD/Filtered_Raw_Data/52435.3.333514.CAGGAGAT-ATCTCCTG.filter-METAGENOME.fastq.gz,rr0846
/home/glbrc.org/trina.mcmahon/TYMEFLIES/data/experiment_35061/TYMME0rr0930_FD/Filtered_Raw_Data/52463.1.341545.CAGCGATT-CAGCGATT.filter-METAGENOME.fastq.gz,rr0930
/home/glbrc.org/trina.mcmahon/TYMEFLIES/data/experiment_35061/TYMME1rr0953_FD/Filtered_Raw_Data/52463.1.341545.GATGCACT-GATGCACT.filter-METAGENOME.fastq.gz,rr0953
/home/glbrc.org/trina.mcmahon/TYMEFLIES/data/experiment_35061/TYMME0rr0897_FD/Filtered_Raw_Data/52591.1.391091.ACGCCTAA-ACGCCTAA.filter-METAGENOME.fastq.gz,rr0897
/home/glbrc.org/trina.mcmahon/TYMEFLIES/data/experiment_35061/TYMME0rr0321_FD/Filtered_Raw_Data/52441.3.335545.ATGGTCCA-TGGACCAT.filter-METAGENOME.fastq.gz,rr0321
/home/glbrc.org/trina.mcmahon/TYMEFLIES/data/experiment_35061/TYMME2rr0719_FD/Filtered_Raw_Data/52435.1.333446.TTGACAGG-CCTGTCAA.filter-METAGENOME.fastq.gz,rr0719
/home/glbrc.org/trina.mcmahon/TYMEFLIES/data/experiment_35061/TYMME2rr0328_FD/Filtered_Raw_Data/52441.3.335545.AGAAGCGT-ACGCTTCT.filter-METAGENOME.fastq.gz,rr0328
/home/glbrc.org/trina.mcmahon/TYMEFLIES/data/experiment_35061/TYMME1rr0451_FD/Filtered_Raw_Data/52434.1.332899.CATTCGGT-ACCGAATG.filter-METAGENOME.fastq.gz,rr0451
/home/glbrc.org/trina.mcmahon/TYMEFLIES/data/experiment_35061/TYMME3rr0967_FD/Filtered_Raw_Data/52463.1.341545.AAGTCGAG-AAGTCGAG.filter-METAGENOME.fastq.gz,rr0967
/home/glbrc.org/trina.mcmahon/TYMEFLIES/data/experiment_35061/TYMME1rr0474_FD/Filtered_Raw_Data/52437.3.333700.AGAGCCTT-AAGGCTCT.filter-METAGENOME.fastq.gz,rr0474
/home/glbrc.org/trina.mcmahon/TYMEFLIES/data/experiment_35061/TYMME1rr0862_FD/Filtered_Raw_Data/52435.3.333514.TTGCCACT-AGTGGCAA.filter-METAGENOME.fastq.gz,rr0862
/home/glbrc.org/trina.mcmahon/TYMEFLIES/data/experiment_35061/TYMME2rr0963_FD/Filtered_Raw_Data/52463.1.341545.TTCCAAGG-TTCCAAGG.filter-METAGENOME.fastq.gz,rr0963
/home/glbrc.org/trina.mcmahon/TYMEFLIES/data/experiment_35061/TYMME0rr0921_FD/Filtered_Raw_Data/52460.2.340955.CATGGAAC-CATGGAAC.filter-METAGENOME.fastq.gz,rr0921
/home/glbrc.org/trina.mcmahon/TYMEFLIES/data/experiment_35061/TYMME1rr0932_FD/Filtered_Raw_Data/52463.1.341545.CAGTCCAA-CAGTCCAA.filter-METAGENOME.fastq.gz,rr0932
/home/glbrc.org/trina.mcmahon/TYMEFLIES/data/experiment_35061/TYMME1rr0348_FD/Filtered_Raw_Data/52442.1.335689.CACCTTAC-GTAAGGTG.filter-METAGENOME.fastq.gz,rr0348
/home/glbrc.org/trina.mcmahon/TYMEFLIES/data/experiment_35061/TYMME1rr0754_FD/Filtered_Raw_Data/52435.1.333446.AATACGCG-CGCGTATT.filter-METAGENOME.fastq.gz,rr0754
/home/glbrc.org/trina.mcmahon/TYMEFLIES/data/experiment_35061/TYMME0rr0034_FD/Filtered_Raw_Data/12844.1.289902.CGTAGGTT-AACCTACG.filter-METAGENOME.fastq.gz,rr0034
/home/glbrc.org/trina.mcmahon/TYMEFLIES/data/experiment_35061/TYMME1rr0098_FD/Filtered_Raw_Data/12844.2.289969.ACCTCTGT-ACAGAGGT.filter-METAGENOME.fastq.gz,rr0098
/home/glbrc.org/trina.mcmahon/TYMEFLIES/data/experiment_35061/TYMME0rr0900_FD/Filtered_Raw_Data/52460.2.340955.TAATGCCG-TAATGCCG.filter-METAGENOME.fastq.gz,rr0900
/home/glbrc.org/trina.mcmahon/TYMEFLIES/data/experiment_35061/TYMME1rr0105_FD/Filtered_Raw_Data/12844.2.289969.TGGATCAC-GTGATCCA.filter-METAGENOME.fastq.gz,rr0105
/home/glbrc.org/trina.mcmahon/TYMEFLIES/data/experiment_35061/TYMME2rd0522_FD/Filtered_Raw_Data/52437.3.333700.CGACCATT-AATGGTCG.filter-METAGENOME.fastq.gz,rd0522
/home/glbrc.org/trina.mcmahon/TYMEFLIES/data/experiment_35061/TYMME0rr0984_FD/Filtered_Raw_Data/52465.4.342312.GCAATGGA-GCAATGGA.filter-METAGENOME.fastq.gz,rr0984
/home/glbrc.org/trina.mcmahon/TYMEFLIES/data/experiment_35061/TYMME2rr0646_FD/Filtered_Raw_Data/52437.4.333734.CCATACGT-ACGTATGG.filter-METAGENOME.fastq.gz,rr0646
/home/glbrc.org/trina.mcmahon/TYMEFLIES/data/experiment_35061/TYMME1rr0679_FD/Filtered_Raw_Data/52439.2.334221.ACACCAGT-ACTGGTGT.filter-METAGENOME.fastq.gz,rr0679
/home/glbrc.org/trina.mcmahon/TYMEFLIES/data/experiment_35061/TYMME1rr0793_FD/Filtered_Raw_Data/52435.2.333480.ACGACTTG-CAAGTCGT.filter-METAGENOME.fastq.gz,rr0793
/home/glbrc.org/trina.mcmahon/TYMEFLIES/data/experiment_35061/TYMME0rr0470_FD/Filtered_Raw_Data/52437.3.333700.TACGCCTT-AAGGCGTA.filter-METAGENOME.fastq.gz,rr0470
/home/glbrc.org/trina.mcmahon/TYMEFLIES/data/experiment_35061/TYMME0rr0618_FD/Filtered_Raw_Data/52437.3.333700.TGCTTGGT-ACCAAGCA.filter-METAGENOME.fastq.gz,rr0618
/home/glbrc.org/trina.mcmahon/TYMEFLIES/data/experiment_35061/TYMME0rr0731_FD/Filtered_Raw_Data/52435.1.333446.ACTCTCGA-TCGAGAGT.filter-METAGENOME.fastq.gz,rr0731
/home/glbrc.org/trina.mcmahon/TYMEFLIES/data/experiment_35061/TYMME2rr0916_FD/Filtered_Raw_Data/52460.2.340955.GGCTATTG-GGCTATTG.filter-METAGENOME.fastq.gz,rr0916
/home/glbrc.org/trina.mcmahon/TYMEFLIES/data/experiment_35061/TYMME0rr0033_FD/Filtered_Raw_Data/52434.1.332899.TATCGGTC-GACCGATA.filter-METAGENOME.fastq.gz,rr0033
/home/glbrc.org/trina.mcmahon/TYMEFLIES/data/experiment_35061/TYMME1rd0665_FD/Filtered_Raw_Data/52437.4.333734.CGTTGAGT-ACTCAACG.filter-METAGENOME.fastq.gz,rd0665
/home/glbrc.org/trina.mcmahon/TYMEFLIES/data/experiment_35061/TYMME1rd0387_FD/Filtered_Raw_Data/52442.1.335689.CAAGGTCT-AGACCTTG.filter-METAGENOME.fastq.gz,rd0387
/home/glbrc.org/trina.mcmahon/TYMEFLIES/data/experiment_35061/TYMME2rr0790_FD/Filtered_Raw_Data/52435.2.333480.CTGAAGCT-AGCTTCAG.filter-METAGENOME.fastq.gz,rr0790
/home/glbrc.org/trina.mcmahon/TYMEFLIES/data/experiment_35061/TYMME1rr0946_FD/Filtered_Raw_Data/52463.1.341545.GTGTCTGA-GTGTCTGA.filter-METAGENOME.fastq.gz,rr0946
/home/glbrc.org/trina.mcmahon/TYMEFLIES/data/experiment_35061/TYMME1rr0084_FD/Filtered_Raw_Data/52439.4.334348.CCAGTGTT-AACACTGG.filter-METAGENOME.fastq.gz,rr0084
/home/glbrc.org/trina.mcmahon/TYMEFLIES/data/experiment_35061/TYMME1rr0856_FD/Filtered_Raw_Data/52438.4.334100.TCGTCTCA-TGAGACGA.filter-METAGENOME.fastq.gz,rr0856
/home/glbrc.org/trina.mcmahon/TYMEFLIES/data/experiment_35061/TYMME0rr0847_FD/Filtered_Raw_Data/52435.3.333514.TGGTACAG-CTGTACCA.filter-METAGENOME.fastq.gz,rr0847
/home/glbrc.org/trina.mcmahon/TYMEFLIES/data/experiment_35061/TYMME1rr0082_FD/Filtered_Raw_Data/12844.2.289969.GCTGGATT-AATCCAGC.filter-METAGENOME.fastq.gz,rr0082
/home/glbrc.org/trina.mcmahon/TYMEFLIES/data/experiment_35061/TYMME0rr0469_FD/Filtered_Raw_Data/52437.3.333700.ACGATGAC-GTCATCGT.filter-METAGENOME.fastq.gz,rr0469
/home/glbrc.org/trina.mcmahon/TYMEFLIES/data/experiment_35061/TYMME0rr0395_FD/Filtered_Raw_Data/52437.1.333590.ATAGCGGT-ACCGCTAT.filter-METAGENOME.fastq.gz,rr0395
/home/glbrc.org/trina.mcmahon/TYMEFLIES/data/experiment_35061/TYMME1rr0891_FD/Filtered_Raw_Data/52460.2.340955.TATGGCAG-TATGGCAG.filter-METAGENOME.fastq.gz,rr0891
/home/glbrc.org/trina.mcmahon/TYMEFLIES/data/experiment_35061/TYMME1rr0976_FD/Filtered_Raw_Data/52465.4.342312.AGCTTGAG-AGCTTGAG.filter-METAGENOME.fastq.gz,rr0976
/home/glbrc.org/trina.mcmahon/TYMEFLIES/data/experiment_35061/TYMME1rr0870_FD/Filtered_Raw_Data/52435.3.333514.CTTCACCA-TGGTGAAG.filter-METAGENOME.fastq.gz,rr0870
/home/glbrc.org/trina.mcmahon/TYMEFLIES/data/experiment_35061/TYMME0rr0442_FD/Filtered_Raw_Data/52437.1.333590.TCCGAGTT-AACTCGGA.filter-METAGENOME.fastq.gz,rr0442
/home/glbrc.org/trina.mcmahon/TYMEFLIES/data/experiment_35061/TYMME1rr0110_FD/Filtered_Raw_Data/12844.2.289969.GCCATAAC-GTTATGGC.filter-METAGENOME.fastq.gz,rr0110
/home/glbrc.org/trina.mcmahon/TYMEFLIES/data/experiment_35061/TYMME2rr0122_FD/Filtered_Raw_Data/12844.2.289969.TAGTGACC-GGTCACTA.filter-METAGENOME.fastq.gz,rr0122
/home/glbrc.org/trina.mcmahon/TYMEFLIES/data/experiment_35061/TYMME2rr0134_FD/Filtered_Raw_Data/12844.2.289969.CCAAGCAA-TTGCTTGG.filter-METAGENOME.fastq.gz,rr0134
/home/glbrc.org/trina.mcmahon/TYMEFLIES/data/experiment_35061/TYMME0rr0945_FD/Filtered_Raw_Data/52463.1.341545.AACCTCCT-AACCTCCT.filter-METAGENOME.fastq.gz,rr0945
/home/glbrc.org/trina.mcmahon/TYMEFLIES/data/experiment_35061/TYMME1rr0981_FD/Filtered_Raw_Data/52465.4.342312.GCACAACT-GCACAACT.filter-METAGENOME.fastq.gz,rr0981
/home/glbrc.org/trina.mcmahon/TYMEFLIES/data/experiment_35061/TYMME1rr0111_FD/Filtered_Raw_Data/52439.4.334348.AGCTAACC-GGTTAGCT.filter-METAGENOME.fastq.gz,rr0111
/home/glbrc.org/trina.mcmahon/TYMEFLIES/data/experiment_35061/TYMME2rr0987_FD/Filtered_Raw_Data/52465.4.342312.CGTGTACT-CGTGTACT.filter-METAGENOME.fastq.gz,rr0987
/home/glbrc.org/trina.mcmahon/TYMEFLIES/data/experiment_35061/TYMME0rr0792_FD/Filtered_Raw_Data/52435.2.333480.TCCTTAGC-GCTAAGGA.filter-METAGENOME.fastq.gz,rr0792
NA,rr0899
/home/glbrc.org/trina.mcmahon/TYMEFLIES/data/experiment_35061/TYMME1rr0644_FD/Filtered_Raw_Data/52437.4.333734.AACGGTCA-TGACCGTT.filter-METAGENOME.fastq.gz,rr0644
/home/glbrc.org/trina.mcmahon/TYMEFLIES/data/experiment_35061/TYMME2rr0941_FD/Filtered_Raw_Data/52463.1.341545.ACGCCTAA-ACGCCTAA.filter-METAGENOME.fastq.gz,rr0941
/home/glbrc.org/trina.mcmahon/TYMEFLIES/data/experiment_35061/TYMME1rd0212_FD/Filtered_Raw_Data/52434.1.332899.ACACGGTT-AACCGTGT.filter-METAGENOME.fastq.gz,rd0212
/home/glbrc.org/trina.mcmahon/TYMEFLIES/data/experiment_35061/TYMME0rr0370_FD/Filtered_Raw_Data/52442.1.335689.GACATTCC-GGAATGTC.filter-METAGENOME.fastq.gz,rr0370
/home/glbrc.org/trina.mcmahon/TYMEFLIES/data/experiment_35061/TYMME2rr0880_FD/Filtered_Raw_Data/52460.2.340955.GAATCCGA-GAATCCGA.filter-METAGENOME.fastq.gz,rr0880
/home/glbrc.org/trina.mcmahon/TYMEFLIES/data/experiment_35061/TYMME2rr0716_FD/Filtered_Raw_Data/52435.1.333446.GACTTAGG-CCTAAGTC.filter-METAGENOME.fastq.gz,rr0716
/home/glbrc.org/trina.mcmahon/TYMEFLIES/data/experiment_35061/TYMME0rr0059_FD/Filtered_Raw_Data/12844.1.289902.CAATCGAC-GTCGATTG.filter-METAGENOME.fastq.gz,rr0059
/home/glbrc.org/trina.mcmahon/TYMEFLIES/data/experiment_35061/TYMME2rr0166_FD/Filtered_Raw_Data/12859.3.292495.CTCGATAC-GTATCGAG.filter-METAGENOME.fastq.gz,rr0166
/home/glbrc.org/trina.mcmahon/TYMEFLIES/data/experiment_35061/TYMME1rd0216_FD/Filtered_Raw_Data/52542.4.375086.AGTCAGGA-AGTCAGGA.filter-METAGENOME.fastq.gz,rd0216
/home/glbrc.org/trina.mcmahon/TYMEFLIES/data/experiment_35061/TYMME2rr0620_FD/Filtered_Raw_Data/52437.3.333700.CATACCAC-GTGGTATG.filter-METAGENOME.fastq.gz,rr0620
/home/glbrc.org/trina.mcmahon/TYMEFLIES/data/experiment_35061/TYMME2rr0833_FD/Filtered_Raw_Data/52435.3.333514.TCTGAGAG-CTCTCAGA.filter-METAGENOME.fastq.gz,rr0833
/home/glbrc.org/trina.mcmahon/TYMEFLIES/data/experiment_35061/TYMME2rr0973_FD/Filtered_Raw_Data/52465.4.342312.ACCTTCTC-ACCTTCTC.filter-METAGENOME.fastq.gz,rr0973
/home/glbrc.org/trina.mcmahon/TYMEFLIES/data/experiment_35061/TYMME2rr0911_FD/Filtered_Raw_Data/52460.2.340955.GATTCAGC-GATTCAGC.filter-METAGENOME.fastq.gz,rr0911
/home/glbrc.org/trina.mcmahon/TYMEFLIES/data/experiment_35061/TYMME0rr0789_FD/Filtered_Raw_Data/52435.2.333480.ACCACGAT-ATCGTGGT.filter-METAGENOME.fastq.gz,rr0789
/home/glbrc.org/trina.mcmahon/TYMEFLIES/data/experiment_35061/TYMME1rr0852_FD/Filtered_Raw_Data/52435.3.333514.ACAGCTCA-TGAGCTGT.filter-METAGENOME.fastq.gz,rr0852
/home/glbrc.org/trina.mcmahon/TYMEFLIES/data/experiment_35061/TYMME3rr0910_FD/Filtered_Raw_Data/52460.2.340955.GTAGTCAG-GTAGTCAG.filter-METAGENOME.fastq.gz,rr0910
/home/glbrc.org/trina.mcmahon/TYMEFLIES/data/experiment_35061/TYMME2rr0419_FD/Filtered_Raw_Data/52437.1.333590.GTTCGGTT-AACCGAAC.filter-METAGENOME.fastq.gz,rr0419
/home/glbrc.org/trina.mcmahon/TYMEFLIES/data/experiment_35061/TYMME0rr0130_FD/Filtered_Raw_Data/52438.4.334100.GATTCAGC-GCTGAATC.filter-METAGENOME.fastq.gz,rr0130
/home/glbrc.org/trina.mcmahon/TYMEFLIES/data/experiment_35061/TYMME3rr0841_FD/Filtered_Raw_Data/52435.3.333514.GTGTTCCT-AGGAACAC.filter-METAGENOME.fastq.gz,rr0841
/home/glbrc.org/trina.mcmahon/TYMEFLIES/data/experiment_35061/TYMME2rr0801_FD/Filtered_Raw_Data/52435.2.333480.CTTCGTTC-GAACGAAG.filter-METAGENOME.fastq.gz,rr0801
/home/glbrc.org/trina.mcmahon/TYMEFLIES/data/experiment_35061/TYMME0rr0543_FD/Filtered_Raw_Data/52437.3.333700.CACGTTGT-ACAACGTG.filter-METAGENOME.fastq.gz,rr0543
/home/glbrc.org/trina.mcmahon/TYMEFLIES/data/experiment_35061/TYMME1rr0336_FD/Filtered_Raw_Data/52442.1.335689.AACGGTCA-TGACCGTT.filter-METAGENOME.fastq.gz,rr0336
/home/glbrc.org/trina.mcmahon/TYMEFLIES/data/experiment_35061/TYMME1rd0185_FD/Filtered_Raw_Data/52439.4.334348.TTCGTACC-GGTACGAA.filter-METAGENOME.fastq.gz,rd0185
/home/glbrc.org/trina.mcmahon/TYMEFLIES/data/experiment_35061/TYMME0rr0670_FD/Filtered_Raw_Data/52437.4.333734.TCACAGCA-TGCTGTGA.filter-METAGENOME.fastq.gz,rr0670
/home/glbrc.org/trina.mcmahon/TYMEFLIES/data/experiment_35061/TYMME0rr0007_FD/Filtered_Raw_Data/12845.4.291124.GCCTTGTT-AACAAGGC.filter-METAGENOME.fastq.gz,rr0007
/home/glbrc.org/trina.mcmahon/TYMEFLIES/data/experiment_35061/TYMME2rr0058_FD/Filtered_Raw_Data/12844.1.289902.GTGAGCTT-AAGCTCAC.filter-METAGENOME.fastq.gz,rr0058
/home/glbrc.org/trina.mcmahon/TYMEFLIES/data/experiment_35061/TYMME1rr0974_FD/Filtered_Raw_Data/52465.4.342312.TGGACTCT-TGGACTCT.filter-METAGENOME.fastq.gz,rr0974
/home/glbrc.org/trina.mcmahon/TYMEFLIES/data/experiment_35061/TYMME3rr0855_FD/Filtered_Raw_Data/52435.3.333514.GGCATACT-AGTATGCC.filter-METAGENOME.fastq.gz,rr0855
/home/glbrc.org/trina.mcmahon/TYMEFLIES/data/experiment_35061/TYMME1rr0873_FD/Filtered_Raw_Data/52460.2.340955.ATCGATCG-ATCGATCG.filter-METAGENOME.fastq.gz,rr0873
/home/glbrc.org/trina.mcmahon/TYMEFLIES/data/experiment_35061/TYMME2rr0493_FD/Filtered_Raw_Data/52437.3.333700.GAGGACTT-AAGTCCTC.filter-METAGENOME.fastq.gz,rr0493
/home/glbrc.org/trina.mcmahon/TYMEFLIES/data/experiment_35061/TYMME2rr0928_FD/Filtered_Raw_Data/52463.1.341545.AGCAGATG-AGCAGATG.filter-METAGENOME.fastq.gz,rr0928
/home/glbrc.org/trina.mcmahon/TYMEFLIES/data/experiment_35061/TYMME3rr0283_FD/Filtered_Raw_Data/52441.2.335479.TCGGTTAC-GTAACCGA.filter-METAGENOME.fastq.gz,rr0283
/home/glbrc.org/trina.mcmahon/TYMEFLIES/data/experiment_35061/TYMME2rr0143_FD/Filtered_Raw_Data/12844.2.289969.TGTACCGT-ACGGTACA.filter-METAGENOME.fastq.gz,rr0143
/home/glbrc.org/trina.mcmahon/TYMEFLIES/data/experiment_35061/TYMME1rr0798_FD/Filtered_Raw_Data/52435.2.333480.GCATACAG-CTGTATGC.filter-METAGENOME.fastq.gz,rr0798
/home/glbrc.org/trina.mcmahon/TYMEFLIES/data/experiment_35061/TYMME0rd0167_FD/Filtered_Raw_Data/52439.4.334348.GCTACGTT-AACGTAGC.filter-METAGENOME.fastq.gz,rd0167
/home/glbrc.org/trina.mcmahon/TYMEFLIES/data/experiment_35061/TYMME0rr0184_FD/Filtered_Raw_Data/12859.3.292495.TGTGGTAC-GTACCACA.filter-METAGENOME.fastq.gz,rr0184
/home/glbrc.org/trina.mcmahon/TYMEFLIES/data/experiment_35061/TYMME2rr0311_FD/Filtered_Raw_Data/52441.3.335545.TGGCATGT-ACATGCCA.filter-METAGENOME.fastq.gz,rr0311
/home/glbrc.org/trina.mcmahon/TYMEFLIES/data/experiment_35061/TYMME1rr0942_FD/Filtered_Raw_Data/52463.1.341545.ATCTCGCT-ATCTCGCT.filter-METAGENOME.fastq.gz,rr0942
/home/glbrc.org/trina.mcmahon/TYMEFLIES/data/experiment_35061/TYMME2rr0836_FD/Filtered_Raw_Data/52435.3.333514.AAGTGTCG-CGACACTT.filter-METAGENOME.fastq.gz,rr0836
/home/glbrc.org/trina.mcmahon/TYMEFLIES/data/experiment_35061/TYMME0rr0707_FD/Filtered_Raw_Data/52435.1.333446.GGATTCGT-ACGAATCC.filter-METAGENOME.fastq.gz,rr0707
/home/glbrc.org/trina.mcmahon/TYMEFLIES/data/experiment_35061/TYMME2rr0882_FD/Filtered_Raw_Data/52460.2.340955.ATCCAGAG-ATCCAGAG.filter-METAGENOME.fastq.gz,rr0882
/home/glbrc.org/trina.mcmahon/TYMEFLIES/data/experiment_35061/TYMME0rr0585_FD/Filtered_Raw_Data/52437.3.333700.GCCATAAC-GTTATGGC.filter-METAGENOME.fastq.gz,rr0585
/home/glbrc.org/trina.mcmahon/TYMEFLIES/data/experiment_35061/TYMME2rr0611_FD/Filtered_Raw_Data/52437.3.333700.CACTGACA-TGTCAGTG.filter-METAGENOME.fastq.gz,rr0611
/home/glbrc.org/trina.mcmahon/TYMEFLIES/data/experiment_35061/TYMME2rd0687_FD/Filtered_Raw_Data/52439.2.334221.ATGCACGA-TCGTGCAT.filter-METAGENOME.fastq.gz,rd0687
/home/glbrc.org/trina.mcmahon/TYMEFLIES/data/experiment_35061/TYMME0rr0330_FD/Filtered_Raw_Data/52441.3.335545.TGTACCGT-ACGGTACA.filter-METAGENOME.fastq.gz,rr0330
/home/glbrc.org/trina.mcmahon/TYMEFLIES/data/experiment_35061/TYMME3rr0313_FD/Filtered_Raw_Data/52441.3.335545.CACTGACA-TGTCAGTG.filter-METAGENOME.fastq.gz,rr0313
/home/glbrc.org/trina.mcmahon/TYMEFLIES/data/experiment_35061/TYMME2rr0769_FD/Filtered_Raw_Data/52435.2.333480.ATGGAAGG-CCTTCCAT.filter-METAGENOME.fastq.gz,rr0769
/home/glbrc.org/trina.mcmahon/TYMEFLIES/data/experiment_35061/TYMME2rd0137_FD/Filtered_Raw_Data/52439.4.334348.CGTAGGTT-AACCTACG.filter-METAGENOME.fastq.gz,rd0137
/home/glbrc.org/trina.mcmahon/TYMEFLIES/data/experiment_35061/TYMME2rr0710_FD/Filtered_Raw_Data/52435.1.333446.ACTCAGAC-GTCTGAGT.filter-METAGENOME.fastq.gz,rr0710
/home/glbrc.org/trina.mcmahon/TYMEFLIES/data/experiment_35061/TYMME1rr0135_FD/Filtered_Raw_Data/12844.2.289969.TAACCGGT-ACCGGTTA.filter-METAGENOME.fastq.gz,rr0135
/home/glbrc.org/trina.mcmahon/TYMEFLIES/data/experiment_35061/TYMME0rr0662_FD/Filtered_Raw_Data/52437.4.333734.GTGAATCC-GGATTCAC.filter-METAGENOME.fastq.gz,rr0662
/home/glbrc.org/trina.mcmahon/TYMEFLIES/data/experiment_35061/TYMME1rr0428_FD/Filtered_Raw_Data/52437.1.333590.TCATCACC-GGTGATGA.filter-METAGENOME.fastq.gz,rr0428
/home/glbrc.org/trina.mcmahon/TYMEFLIES/data/experiment_35061/TYMME2rr0842_FD/Filtered_Raw_Data/52435.3.333514.CATAACGG-CCGTTATG.filter-METAGENOME.fastq.gz,rr0842
/home/glbrc.org/trina.mcmahon/TYMEFLIES/data/experiment_35061/TYMME1rr0068_FD/Filtered_Raw_Data/12844.1.289902.GTCTCCTT-AAGGAGAC.filter-METAGENOME.fastq.gz,rr0068
/home/glbrc.org/trina.mcmahon/TYMEFLIES/data/experiment_35061/TYMME1rr0838_FD/Filtered_Raw_Data/52435.3.333514.CACAAGTC-GACTTGTG.filter-METAGENOME.fastq.gz,rr0838
/home/glbrc.org/trina.mcmahon/TYMEFLIES/data/experiment_35061/TYMME2rd0189_FD/Filtered_Raw_Data/52434.1.332899.TCTCGTGT-ACACGAGA.filter-METAGENOME.fastq.gz,rd0189
/home/glbrc.org/trina.mcmahon/TYMEFLIES/data/experiment_35061/TYMME0rr0468_FD/Filtered_Raw_Data/52437.3.333700.GTCTCCTT-AAGGAGAC.filter-METAGENOME.fastq.gz,rr0468
/home/glbrc.org/trina.mcmahon/TYMEFLIES/data/experiment_35061/TYMME1rr0160_FD/Filtered_Raw_Data/52439.4.334348.TGTGCGTT-AACGCACA.filter-METAGENOME.fastq.gz,rr0160
/home/glbrc.org/trina.mcmahon/TYMEFLIES/data/experiment_35061/TYMME0rr0088_FD/Filtered_Raw_Data/12844.2.289969.TCGGTTAC-GTAACCGA.filter-METAGENOME.fastq.gz,rr0088
/home/glbrc.org/trina.mcmahon/TYMEFLIES/data/experiment_35061/TYMME1rr0672_FD/Filtered_Raw_Data/52437.4.333734.GATCGAGT-ACTCGATC.filter-METAGENOME.fastq.gz,rr0672
/home/glbrc.org/trina.mcmahon/TYMEFLIES/data/experiment_35061/TYMME2rr0980_FD/Filtered_Raw_Data/52542.4.375086.TATTCCGG-TATTCCGG.filter-METAGENOME.fastq.gz,rr0980
/home/glbrc.org/trina.mcmahon/TYMEFLIES/data/experiment_35061/TYMME2rr0647_FD/Filtered_Raw_Data/52437.4.333734.TTGAGGCA-TGCCTCAA.filter-METAGENOME.fastq.gz,rr0647
/home/glbrc.org/trina.mcmahon/TYMEFLIES/data/experiment_35061/TYMME0rr0055_FD/Filtered_Raw_Data/12844.1.289902.GTAACGAC-GTCGTTAC.filter-METAGENOME.fastq.gz,rr0055
/home/glbrc.org/trina.mcmahon/TYMEFLIES/data/experiment_35061/TYMME1rr0174_FD/Filtered_Raw_Data/12859.3.292495.CTATCGCA-TGCGATAG.filter-METAGENOME.fastq.gz,rr0174
/home/glbrc.org/trina.mcmahon/TYMEFLIES/data/experiment_35061/TYMME0rr0912_FD/Filtered_Raw_Data/52460.2.340955.CGCATGAT-CGCATGAT.filter-METAGENOME.fastq.gz,rr0912
/home/glbrc.org/trina.mcmahon/TYMEFLIES/data/experiment_35061/TYMME1rr0991_FD/Filtered_Raw_Data/52465.4.342312.ACGTTACC-ACGTTACC.filter-METAGENOME.fastq.gz,rr0991
/home/glbrc.org/trina.mcmahon/TYMEFLIES/data/experiment_35061/TYMME1rr0927_FD/Filtered_Raw_Data/52463.1.341545.TCGTCTCA-TCGTCTCA.filter-METAGENOME.fastq.gz,rr0927
/home/glbrc.org/trina.mcmahon/TYMEFLIES/data/experiment_35061/TYMME3rd0164_FD/Filtered_Raw_Data/52439.4.334348.ACCATCCA-TGGATGGT.filter-METAGENOME.fastq.gz,rd0164
/home/glbrc.org/trina.mcmahon/TYMEFLIES/data/experiment_35061/TYMME1rr0136_FD/Filtered_Raw_Data/12844.2.289969.ATGGTCCA-TGGACCAT.filter-METAGENOME.fastq.gz,rr0136
/home/glbrc.org/trina.mcmahon/TYMEFLIES/data/experiment_35061/TYMME0rr0053_FD/Filtered_Raw_Data/12844.1.289902.TTCGTACC-GGTACGAA.filter-METAGENOME.fastq.gz,rr0053
/home/glbrc.org/trina.mcmahon/TYMEFLIES/data/experiment_35061/TYMME1rr0402_FD/Filtered_Raw_Data/52437.1.333590.CGGTTGTT-AACAACCG.filter-METAGENOME.fastq.gz,rr0402
/home/glbrc.org/trina.mcmahon/TYMEFLIES/data/experiment_35061/TYMME0rr0628_FD/Filtered_Raw_Data/52437.3.333700.CCAAGCAA-TTGCTTGG.filter-METAGENOME.fastq.gz,rr0628
/home/glbrc.org/trina.mcmahon/TYMEFLIES/data/experiment_35061/TYMME1rr0392_FD/Filtered_Raw_Data/52442.1.335689.TAGCGTCT-AGACGCTA.filter-METAGENOME.fastq.gz,rr0392
/home/glbrc.org/trina.mcmahon/TYMEFLIES/data/experiment_35061/TYMME0rr0390_FD/Filtered_Raw_Data/52442.1.335689.TGTCCAGA-TCTGGACA.filter-METAGENOME.fastq.gz,rr0390
/home/glbrc.org/trina.mcmahon/TYMEFLIES/data/experiment_35061/TYMME1rd0755_FD/Filtered_Raw_Data/52435.1.333446.GTCTGATC-GATCAGAC.filter-METAGENOME.fastq.gz,rd0755
/home/glbrc.org/trina.mcmahon/TYMEFLIES/data/experiment_35061/TYMME0rr0711_FD/Filtered_Raw_Data/52435.1.333446.ATGTAGCG-CGCTACAT.filter-METAGENOME.fastq.gz,rr0711
/home/glbrc.org/trina.mcmahon/TYMEFLIES/data/experiment_35061/TYMME0rr0138_FD/Filtered_Raw_Data/12844.2.289969.GTCTAGGT-ACCTAGAC.filter-METAGENOME.fastq.gz,rr0138
/home/glbrc.org/trina.mcmahon/TYMEFLIES/data/experiment_35061/TYMME2rr0052_FD/Filtered_Raw_Data/12844.1.289902.CCTCAGTT-AACTGAGG.filter-METAGENOME.fastq.gz,rr0052
/home/glbrc.org/trina.mcmahon/TYMEFLIES/data/experiment_35061/TYMME2rr0416_FD/Filtered_Raw_Data/52437.1.333590.GGACTGTT-AACAGTCC.filter-METAGENOME.fastq.gz,rr0416
/home/glbrc.org/trina.mcmahon/TYMEFLIES/data/experiment_35061/TYMME2rr0844_FD/Filtered_Raw_Data/52435.3.333514.TGATGTCC-GGACATCA.filter-METAGENOME.fastq.gz,rr0844
/home/glbrc.org/trina.mcmahon/TYMEFLIES/data/experiment_35061/TYMME2rr0294_FD/Filtered_Raw_Data/52441.3.335545.TGGATCAC-GTGATCCA.filter-METAGENOME.fastq.gz,rr0294
/home/glbrc.org/trina.mcmahon/TYMEFLIES/data/experiment_35061/TYMME1rr0960_FD/Filtered_Raw_Data/52463.1.341545.TCAACTGG-TCAACTGG.filter-METAGENOME.fastq.gz,rr0960
/home/glbrc.org/trina.mcmahon/TYMEFLIES/data/experiment_35061/TYMME2rr0489_FD/Filtered_Raw_Data/52437.3.333700.TCTCTTCC-GGAAGAGA.filter-METAGENOME.fastq.gz,rr0489
/home/glbrc.org/trina.mcmahon/TYMEFLIES/data/experiment_35061/TYMME0rr0144_FD/Filtered_Raw_Data/12844.2.289969.AACGGTCA-TGACCGTT.filter-METAGENOME.fastq.gz,rr0144
/home/glbrc.org/trina.mcmahon/TYMEFLIES/data/experiment_35061/TYMME0rr0969_FD/Filtered_Raw_Data/52463.1.341545.CTCATCAG-CTCATCAG.filter-METAGENOME.fastq.gz,rr0969
/home/glbrc.org/trina.mcmahon/TYMEFLIES/data/experiment_35061/TYMME0rd0096_FD/Filtered_Raw_Data/52439.4.334348.TGTACACC-GGTGTACA.filter-METAGENOME.fastq.gz,rd0096
/home/glbrc.org/trina.mcmahon/TYMEFLIES/data/experiment_35061/TYMME2rr0898_FD/Filtered_Raw_Data/52460.2.340955.GCTCTGTA-GCTCTGTA.filter-METAGENOME.fastq.gz,rr0898
