/home/glbrc.org/trina.mcmahon/TYMEFLIES/data/experiment_35061/TYMME0rd0012_FD/Filtered_Raw_Data/52439.4.334348.GAGCTCAA-TTGAGCTC.filter-METAGENOME.fastq.gz	rd0012
/home/glbrc.org/trina.mcmahon/TYMEFLIES/data/experiment_35061/TYMME0rd0096_FD/Filtered_Raw_Data/52439.4.334348.TGTACACC-GGTGTACA.filter-METAGENOME.fastq.gz	rd0096
/home/glbrc.org/trina.mcmahon/TYMEFLIES/data/experiment_35061/TYMME0rd0167_FD/Filtered_Raw_Data/52439.4.334348.GCTACGTT-AACGTAGC.filter-METAGENOME.fastq.gz	rd0167
/home/glbrc.org/trina.mcmahon/TYMEFLIES/data/experiment_35061/TYMME0rd0175_FD/Filtered_Raw_Data/52439.4.334348.AGTCTCAC-GTGAGACT.filter-METAGENOME.fastq.gz	rd0175
/home/glbrc.org/trina.mcmahon/TYMEFLIES/data/experiment_35061/TYMME0rd0563_FD/Filtered_Raw_Data/52438.4.334100.GGAAGCTA-TAGCTTCC.filter-METAGENOME.fastq.gz	rd0563
/home/glbrc.org/trina.mcmahon/TYMEFLIES/data/experiment_35061/TYMME0rd0597_FD/Filtered_Raw_Data/52438.4.334100.GATGAGAC-GTCTCATC.filter-METAGENOME.fastq.gz	rd0597
/home/glbrc.org/trina.mcmahon/TYMEFLIES/data/experiment_35061/TYMME0rr0007_FD/Filtered_Raw_Data/12845.4.291124.GCCTTGTT-AACAAGGC.filter-METAGENOME.fastq.gz	rr0007
/home/glbrc.org/trina.mcmahon/TYMEFLIES/data/experiment_35061/TYMME0rr0021_FD/Filtered_Raw_Data/12844.1.289902.TCGCTGTT-AACAGCGA.filter-METAGENOME.fastq.gz	rr0021
/home/glbrc.org/trina.mcmahon/TYMEFLIES/data/experiment_35061/TYMME0rr0028_FD/Filtered_Raw_Data/12844.1.289902.GGACTGTT-AACAGTCC.filter-METAGENOME.fastq.gz	rr0028
/home/glbrc.org/trina.mcmahon/TYMEFLIES/data/experiment_35061/TYMME0rr0033_FD/Filtered_Raw_Data/52434.1.332899.TATCGGTC-GACCGATA.filter-METAGENOME.fastq.gz	rr0033
/home/glbrc.org/trina.mcmahon/TYMEFLIES/data/experiment_35061/TYMME0rr0034_FD/Filtered_Raw_Data/12844.1.289902.CGTAGGTT-AACCTACG.filter-METAGENOME.fastq.gz	rr0034
/home/glbrc.org/trina.mcmahon/TYMEFLIES/data/experiment_35061/TYMME0rr0041_FD/Filtered_Raw_Data/52439.4.334348.TACCAACC-GGTTGGTA.filter-METAGENOME.fastq.gz	rr0041
/home/glbrc.org/trina.mcmahon/TYMEFLIES/data/experiment_35061/TYMME0rr0042_FD/Filtered_Raw_Data/52437.4.333734.CAACCTAG-CTAGGTTG.filter-METAGENOME.fastq.gz	rr0042
/home/glbrc.org/trina.mcmahon/TYMEFLIES/data/experiment_35061/TYMME0rr0053_FD/Filtered_Raw_Data/12844.1.289902.TTCGTACC-GGTACGAA.filter-METAGENOME.fastq.gz	rr0053
/home/glbrc.org/trina.mcmahon/TYMEFLIES/data/experiment_35061/TYMME0rr0055_FD/Filtered_Raw_Data/12844.1.289902.GTAACGAC-GTCGTTAC.filter-METAGENOME.fastq.gz	rr0055
/home/glbrc.org/trina.mcmahon/TYMEFLIES/data/experiment_35061/TYMME0rr0057_FD/Filtered_Raw_Data/12844.1.289902.ATTGAGCC-GGCTCAAT.filter-METAGENOME.fastq.gz	rr0057
/home/glbrc.org/trina.mcmahon/TYMEFLIES/data/experiment_35061/TYMME0rr0059_FD/Filtered_Raw_Data/12844.1.289902.CAATCGAC-GTCGATTG.filter-METAGENOME.fastq.gz	rr0059
/home/glbrc.org/trina.mcmahon/TYMEFLIES/data/experiment_35061/TYMME0rr0061_FD/Filtered_Raw_Data/12844.1.289902.CCTTCCTT-AAGGAAGG.filter-METAGENOME.fastq.gz	rr0061
/home/glbrc.org/trina.mcmahon/TYMEFLIES/data/experiment_35061/TYMME0rr0062_FD/Filtered_Raw_Data/52437.4.333734.AAGAAGGC-GCCTTCTT.filter-METAGENOME.fastq.gz	rr0062
/home/glbrc.org/trina.mcmahon/TYMEFLIES/data/experiment_35061/TYMME0rr0067_FD/Filtered_Raw_Data/52437.4.333734.GTAGTCAG-CTGACTAC.filter-METAGENOME.fastq.gz	rr0067
/home/glbrc.org/trina.mcmahon/TYMEFLIES/data/experiment_35061/TYMME0rr0069_FD/Filtered_Raw_Data/12844.1.289902.ACGATGAC-GTCATCGT.filter-METAGENOME.fastq.gz	rr0069
/home/glbrc.org/trina.mcmahon/TYMEFLIES/data/experiment_35061/TYMME0rr0072_FD/Filtered_Raw_Data/12844.1.289902.AGTAGTCC-GGACTACT.filter-METAGENOME.fastq.gz	rr0072
/home/glbrc.org/trina.mcmahon/TYMEFLIES/data/experiment_35061/TYMME0rr0075_FD/Filtered_Raw_Data/12844.1.289902.AGAGCCTT-AAGGCTCT.filter-METAGENOME.fastq.gz	rr0075
/home/glbrc.org/trina.mcmahon/TYMEFLIES/data/experiment_35061/TYMME0rr0088_FD/Filtered_Raw_Data/12844.2.289969.TCGGTTAC-GTAACCGA.filter-METAGENOME.fastq.gz	rr0088
/home/glbrc.org/trina.mcmahon/TYMEFLIES/data/experiment_35061/TYMME0rr0091_FD/Filtered_Raw_Data/12844.2.289969.GTTCAACC-GGTTGAAC.filter-METAGENOME.fastq.gz	rr0091
/home/glbrc.org/trina.mcmahon/TYMEFLIES/data/experiment_35061/TYMME0rr0095_FD/Filtered_Raw_Data/12844.2.289969.CAGAGTGT-ACACTCTG.filter-METAGENOME.fastq.gz	rr0095
/home/glbrc.org/trina.mcmahon/TYMEFLIES/data/experiment_35061/TYMME0rr0120_FD/Filtered_Raw_Data/12844.2.289969.CGAACTGT-ACAGTTCG.filter-METAGENOME.fastq.gz	rr0120
/home/glbrc.org/trina.mcmahon/TYMEFLIES/data/experiment_35061/TYMME0rr0128_FD/Filtered_Raw_Data/52439.4.334348.ACAGCAAC-GTTGCTGT.filter-METAGENOME.fastq.gz	rr0128
/home/glbrc.org/trina.mcmahon/TYMEFLIES/data/experiment_35061/TYMME0rr0130_FD/Filtered_Raw_Data/52438.4.334100.GATTCAGC-GCTGAATC.filter-METAGENOME.fastq.gz	rr0130
/home/glbrc.org/trina.mcmahon/TYMEFLIES/data/experiment_35061/TYMME0rr0138_FD/Filtered_Raw_Data/12844.2.289969.GTCTAGGT-ACCTAGAC.filter-METAGENOME.fastq.gz	rr0138
/home/glbrc.org/trina.mcmahon/TYMEFLIES/data/experiment_35061/TYMME0rr0141_FD/Filtered_Raw_Data/12844.2.289969.AGAAGCGT-ACGCTTCT.filter-METAGENOME.fastq.gz	rr0141
/home/glbrc.org/trina.mcmahon/TYMEFLIES/data/experiment_35061/TYMME0rr0142_FD/Filtered_Raw_Data/12844.2.289969.TATTCGCC-GGCGAATA.filter-METAGENOME.fastq.gz	rr0142
/home/glbrc.org/trina.mcmahon/TYMEFLIES/data/experiment_35061/TYMME0rr0144_FD/Filtered_Raw_Data/12844.2.289969.AACGGTCA-TGACCGTT.filter-METAGENOME.fastq.gz	rr0144
/home/glbrc.org/trina.mcmahon/TYMEFLIES/data/experiment_35061/TYMME0rr0145_FD/Filtered_Raw_Data/12844.2.289969.CCATACGT-ACGTATGG.filter-METAGENOME.fastq.gz	rr0145
/home/glbrc.org/trina.mcmahon/TYMEFLIES/data/experiment_35061/TYMME0rr0165_FD/Filtered_Raw_Data/12859.3.292495.GCGATAGT-ACTATCGC.filter-METAGENOME.fastq.gz	rr0165
/home/glbrc.org/trina.mcmahon/TYMEFLIES/data/experiment_35061/TYMME0rr0170_FD/Filtered_Raw_Data/52439.4.334348.TCCGAGTT-AACTCGGA.filter-METAGENOME.fastq.gz	rr0170
/home/glbrc.org/trina.mcmahon/TYMEFLIES/data/experiment_35061/TYMME0rr0171_FD/Filtered_Raw_Data/12859.3.292495.CGTTGAGT-ACTCAACG.filter-METAGENOME.fastq.gz	rr0171
/home/glbrc.org/trina.mcmahon/TYMEFLIES/data/experiment_35061/TYMME0rr0172_FD/Filtered_Raw_Data/12859.3.292495.TCACAGCA-TGCTGTGA.filter-METAGENOME.fastq.gz	rr0172
/home/glbrc.org/trina.mcmahon/TYMEFLIES/data/experiment_35061/TYMME0rr0181_FD/Filtered_Raw_Data/12859.3.292495.GACATTCC-GGAATGTC.filter-METAGENOME.fastq.gz	rr0181
/home/glbrc.org/trina.mcmahon/TYMEFLIES/data/experiment_35061/TYMME0rr0183_FD/Filtered_Raw_Data/12859.3.292495.ACACCAGT-ACTGGTGT.filter-METAGENOME.fastq.gz	rr0183
/home/glbrc.org/trina.mcmahon/TYMEFLIES/data/experiment_35061/TYMME0rr0184_FD/Filtered_Raw_Data/12859.3.292495.TGTGGTAC-GTACCACA.filter-METAGENOME.fastq.gz	rr0184
/home/glbrc.org/trina.mcmahon/TYMEFLIES/data/experiment_35061/TYMME0rr0186_FD/Filtered_Raw_Data/12859.3.292495.GCATGTCT-AGACATGC.filter-METAGENOME.fastq.gz	rr0186
/home/glbrc.org/trina.mcmahon/TYMEFLIES/data/experiment_35061/TYMME0rr0194_FD/Filtered_Raw_Data/12859.3.292495.TAGCGTCT-AGACGCTA.filter-METAGENOME.fastq.gz	rr0194
/home/glbrc.org/trina.mcmahon/TYMEFLIES/data/experiment_35061/TYMME0rr0199_FD/Filtered_Raw_Data/52441.2.335479.GTAACGAC-GTCGTTAC.filter-METAGENOME.fastq.gz	rr0199
/home/glbrc.org/trina.mcmahon/TYMEFLIES/data/experiment_35061/TYMME0rr0227_FD/Filtered_Raw_Data/52441.2.335479.GTCTCCTT-AAGGAGAC.filter-METAGENOME.fastq.gz	rr0227
/home/glbrc.org/trina.mcmahon/TYMEFLIES/data/experiment_35061/TYMME0rr0231_FD/Filtered_Raw_Data/52441.2.335479.ACGATGAC-GTCATCGT.filter-METAGENOME.fastq.gz	rr0231
/home/glbrc.org/trina.mcmahon/TYMEFLIES/data/experiment_35061/TYMME0rr0260_FD/Filtered_Raw_Data/52441.2.335479.TCTCTTCC-GGAAGAGA.filter-METAGENOME.fastq.gz	rr0260
/home/glbrc.org/trina.mcmahon/TYMEFLIES/data/experiment_35061/TYMME0rr0262_FD/Filtered_Raw_Data/52542.4.375086.TCGTGGAT-TCGTGGAT.filter-METAGENOME.fastq.gz	rr0262
/home/glbrc.org/trina.mcmahon/TYMEFLIES/data/experiment_35061/TYMME0rr0264_FD/Filtered_Raw_Data/52591.1.391091.GCCTATCA-GCCTATCA.filter-METAGENOME.fastq.gz	rr0264
/home/glbrc.org/trina.mcmahon/TYMEFLIES/data/experiment_35061/TYMME0rr0302_FD/Filtered_Raw_Data/52441.3.335545.ATGCCTGT-ACAGGCAT.filter-METAGENOME.fastq.gz	rr0302
/home/glbrc.org/trina.mcmahon/TYMEFLIES/data/experiment_35061/TYMME0rr0310_FD/Filtered_Raw_Data/52441.3.335545.TAGTGACC-GGTCACTA.filter-METAGENOME.fastq.gz	rr0310
/home/glbrc.org/trina.mcmahon/TYMEFLIES/data/experiment_35061/TYMME0rr0316_FD/Filtered_Raw_Data/52441.3.335545.TTGTCGGT-ACCGACAA.filter-METAGENOME.fastq.gz	rr0316
/home/glbrc.org/trina.mcmahon/TYMEFLIES/data/experiment_35061/TYMME0rr0321_FD/Filtered_Raw_Data/52441.3.335545.ATGGTCCA-TGGACCAT.filter-METAGENOME.fastq.gz	rr0321
/home/glbrc.org/trina.mcmahon/TYMEFLIES/data/experiment_35061/TYMME0rr0330_FD/Filtered_Raw_Data/52441.3.335545.TGTACCGT-ACGGTACA.filter-METAGENOME.fastq.gz	rr0330
/home/glbrc.org/trina.mcmahon/TYMEFLIES/data/experiment_35061/TYMME0rr0339_FD/Filtered_Raw_Data/52442.1.335689.CCATACGT-ACGTATGG.filter-METAGENOME.fastq.gz	rr0339
/home/glbrc.org/trina.mcmahon/TYMEFLIES/data/experiment_35061/TYMME0rr0349_FD/Filtered_Raw_Data/52442.1.335689.ACCGTAGT-ACTACGGT.filter-METAGENOME.fastq.gz	rr0349
/home/glbrc.org/trina.mcmahon/TYMEFLIES/data/experiment_35061/TYMME0rr0356_FD/Filtered_Raw_Data/52442.1.335689.CTCGATAC-GTATCGAG.filter-METAGENOME.fastq.gz	rr0356
/home/glbrc.org/trina.mcmahon/TYMEFLIES/data/experiment_35061/TYMME0rr0361_FD/Filtered_Raw_Data/52442.1.335689.TCACAGCA-TGCTGTGA.filter-METAGENOME.fastq.gz	rr0361
/home/glbrc.org/trina.mcmahon/TYMEFLIES/data/experiment_35061/TYMME0rr0370_FD/Filtered_Raw_Data/52442.1.335689.GACATTCC-GGAATGTC.filter-METAGENOME.fastq.gz	rr0370
/home/glbrc.org/trina.mcmahon/TYMEFLIES/data/experiment_35061/TYMME0rr0377_FD/Filtered_Raw_Data/52442.1.335689.TGTGGTAC-GTACCACA.filter-METAGENOME.fastq.gz	rr0377
/home/glbrc.org/trina.mcmahon/TYMEFLIES/data/experiment_35061/TYMME0rr0379_FD/Filtered_Raw_Data/52442.1.335689.GCATGTCT-AGACATGC.filter-METAGENOME.fastq.gz	rr0379
/home/glbrc.org/trina.mcmahon/TYMEFLIES/data/experiment_35061/TYMME0rr0390_FD/Filtered_Raw_Data/52442.1.335689.TGTCCAGA-TCTGGACA.filter-METAGENOME.fastq.gz	rr0390
/home/glbrc.org/trina.mcmahon/TYMEFLIES/data/experiment_35061/TYMME0rr0395_FD/Filtered_Raw_Data/52437.1.333590.ATAGCGGT-ACCGCTAT.filter-METAGENOME.fastq.gz	rr0395
/home/glbrc.org/trina.mcmahon/TYMEFLIES/data/experiment_35061/TYMME0rr0403_FD/Filtered_Raw_Data/52437.1.333590.TACCAACC-GGTTGGTA.filter-METAGENOME.fastq.gz	rr0403
/home/glbrc.org/trina.mcmahon/TYMEFLIES/data/experiment_35061/TYMME0rr0412_FD/Filtered_Raw_Data/52437.1.333590.TCGCTGTT-AACAGCGA.filter-METAGENOME.fastq.gz	rr0412
/home/glbrc.org/trina.mcmahon/TYMEFLIES/data/experiment_35061/TYMME0rr0436_FD/Filtered_Raw_Data/52437.1.333590.GCTACGTT-AACGTAGC.filter-METAGENOME.fastq.gz	rr0436
/home/glbrc.org/trina.mcmahon/TYMEFLIES/data/experiment_35061/TYMME0rr0440_FD/Filtered_Raw_Data/52438.4.334100.GAACACAC-GTGTGTTC.filter-METAGENOME.fastq.gz	rr0440
/home/glbrc.org/trina.mcmahon/TYMEFLIES/data/experiment_35061/TYMME0rr0442_FD/Filtered_Raw_Data/52437.1.333590.TCCGAGTT-AACTCGGA.filter-METAGENOME.fastq.gz	rr0442
/home/glbrc.org/trina.mcmahon/TYMEFLIES/data/experiment_35061/TYMME0rr0447_FD/Filtered_Raw_Data/52437.1.333590.CCTCAGTT-AACTGAGG.filter-METAGENOME.fastq.gz	rr0447
/home/glbrc.org/trina.mcmahon/TYMEFLIES/data/experiment_35061/TYMME0rr0461_FD/Filtered_Raw_Data/52437.1.333590.GTGAGCTT-AAGCTCAC.filter-METAGENOME.fastq.gz	rr0461
/home/glbrc.org/trina.mcmahon/TYMEFLIES/data/experiment_35061/TYMME0rr0468_FD/Filtered_Raw_Data/52437.3.333700.GTCTCCTT-AAGGAGAC.filter-METAGENOME.fastq.gz	rr0468
/home/glbrc.org/trina.mcmahon/TYMEFLIES/data/experiment_35061/TYMME0rr0469_FD/Filtered_Raw_Data/52437.3.333700.ACGATGAC-GTCATCGT.filter-METAGENOME.fastq.gz	rr0469
/home/glbrc.org/trina.mcmahon/TYMEFLIES/data/experiment_35061/TYMME0rr0470_FD/Filtered_Raw_Data/52437.3.333700.TACGCCTT-AAGGCGTA.filter-METAGENOME.fastq.gz	rr0470
/home/glbrc.org/trina.mcmahon/TYMEFLIES/data/experiment_35061/TYMME0rr0504_FD/Filtered_Raw_Data/52437.3.333700.AGCAAGCA-TGCTTGCT.filter-METAGENOME.fastq.gz	rr0504
/home/glbrc.org/trina.mcmahon/TYMEFLIES/data/experiment_35061/TYMME0rr0527_FD/Filtered_Raw_Data/52438.4.334100.AGTGTTGG-CCAACACT.filter-METAGENOME.fastq.gz	rr0527
/home/glbrc.org/trina.mcmahon/TYMEFLIES/data/experiment_35061/TYMME0rr0543_FD/Filtered_Raw_Data/52437.3.333700.CACGTTGT-ACAACGTG.filter-METAGENOME.fastq.gz	rr0543
/home/glbrc.org/trina.mcmahon/TYMEFLIES/data/experiment_35061/TYMME0rr0585_FD/Filtered_Raw_Data/52437.3.333700.GCCATAAC-GTTATGGC.filter-METAGENOME.fastq.gz	rr0585
/home/glbrc.org/trina.mcmahon/TYMEFLIES/data/experiment_35061/TYMME0rr0586_FD/Filtered_Raw_Data/52437.3.333700.ATGCCTGT-ACAGGCAT.filter-METAGENOME.fastq.gz	rr0586
/home/glbrc.org/trina.mcmahon/TYMEFLIES/data/experiment_35061/TYMME0rr0595_FD/Filtered_Raw_Data/52437.3.333700.CGAACTGT-ACAGTTCG.filter-METAGENOME.fastq.gz	rr0595
/home/glbrc.org/trina.mcmahon/TYMEFLIES/data/experiment_35061/TYMME0rr0606_FD/Filtered_Raw_Data/52437.3.333700.TGGCATGT-ACATGCCA.filter-METAGENOME.fastq.gz	rr0606
/home/glbrc.org/trina.mcmahon/TYMEFLIES/data/experiment_35061/TYMME0rr0618_FD/Filtered_Raw_Data/52437.3.333700.TGCTTGGT-ACCAAGCA.filter-METAGENOME.fastq.gz	rr0618
/home/glbrc.org/trina.mcmahon/TYMEFLIES/data/experiment_35061/TYMME0rr0628_FD/Filtered_Raw_Data/52437.3.333700.CCAAGCAA-TTGCTTGG.filter-METAGENOME.fastq.gz	rr0628
/home/glbrc.org/trina.mcmahon/TYMEFLIES/data/experiment_35061/TYMME0rr0630_FD/Filtered_Raw_Data/52437.4.333734.ATGGTCCA-TGGACCAT.filter-METAGENOME.fastq.gz	rr0630
/home/glbrc.org/trina.mcmahon/TYMEFLIES/data/experiment_35061/TYMME0rr0633_FD/Filtered_Raw_Data/52437.4.333734.GTCTAGGT-ACCTAGAC.filter-METAGENOME.fastq.gz	rr0633
/home/glbrc.org/trina.mcmahon/TYMEFLIES/data/experiment_35061/TYMME0rr0652_FD/Filtered_Raw_Data/52437.4.333734.TTGGACGT-ACGTCCAA.filter-METAGENOME.fastq.gz	rr0652
/home/glbrc.org/trina.mcmahon/TYMEFLIES/data/experiment_35061/TYMME0rr0662_FD/Filtered_Raw_Data/52437.4.333734.GTGAATCC-GGATTCAC.filter-METAGENOME.fastq.gz	rr0662
/home/glbrc.org/trina.mcmahon/TYMEFLIES/data/experiment_35061/TYMME0rr0670_FD/Filtered_Raw_Data/52437.4.333734.TCACAGCA-TGCTGTGA.filter-METAGENOME.fastq.gz	rr0670
/home/glbrc.org/trina.mcmahon/TYMEFLIES/data/experiment_35061/TYMME0rr0676_FD/Filtered_Raw_Data/52437.4.333734.GACATTCC-GGAATGTC.filter-METAGENOME.fastq.gz	rr0676
/home/glbrc.org/trina.mcmahon/TYMEFLIES/data/experiment_35061/TYMME0rr0682_FD/Filtered_Raw_Data/52439.2.334221.TGTGGTAC-GTACCACA.filter-METAGENOME.fastq.gz	rr0682
/home/glbrc.org/trina.mcmahon/TYMEFLIES/data/experiment_35061/TYMME0rr0705_FD/Filtered_Raw_Data/52435.1.333446.TTCAGGAG-CTCCTGAA.filter-METAGENOME.fastq.gz	rr0705
/home/glbrc.org/trina.mcmahon/TYMEFLIES/data/experiment_35061/TYMME0rr0707_FD/Filtered_Raw_Data/52435.1.333446.GGATTCGT-ACGAATCC.filter-METAGENOME.fastq.gz	rr0707
/home/glbrc.org/trina.mcmahon/TYMEFLIES/data/experiment_35061/TYMME0rr0711_FD/Filtered_Raw_Data/52435.1.333446.ATGTAGCG-CGCTACAT.filter-METAGENOME.fastq.gz	rr0711
/home/glbrc.org/trina.mcmahon/TYMEFLIES/data/experiment_35061/TYMME0rr0714_FD/Filtered_Raw_Data/52435.1.333446.GCAAGATC-GATCTTGC.filter-METAGENOME.fastq.gz	rr0714
/home/glbrc.org/trina.mcmahon/TYMEFLIES/data/experiment_35061/TYMME0rr0717_FD/Filtered_Raw_Data/52435.1.333446.CGTACGAA-TTCGTACG.filter-METAGENOME.fastq.gz	rr0717
/home/glbrc.org/trina.mcmahon/TYMEFLIES/data/experiment_35061/TYMME0rr0726_FD/Filtered_Raw_Data/52435.1.333446.CTCTACTC-GAGTAGAG.filter-METAGENOME.fastq.gz	rr0726
/home/glbrc.org/trina.mcmahon/TYMEFLIES/data/experiment_35061/TYMME0rr0728_FD/Filtered_Raw_Data/52435.1.333446.CGTGATCA-TGATCACG.filter-METAGENOME.fastq.gz	rr0728
/home/glbrc.org/trina.mcmahon/TYMEFLIES/data/experiment_35061/TYMME0rr0731_FD/Filtered_Raw_Data/52435.1.333446.ACTCTCGA-TCGAGAGT.filter-METAGENOME.fastq.gz	rr0731
/home/glbrc.org/trina.mcmahon/TYMEFLIES/data/experiment_35061/TYMME0rr0736_FD/Filtered_Raw_Data/52435.1.333446.GCTTCTTG-CAAGAAGC.filter-METAGENOME.fastq.gz	rr0736
/home/glbrc.org/trina.mcmahon/TYMEFLIES/data/experiment_35061/TYMME0rr0748_FD/Filtered_Raw_Data/52435.1.333446.ACATTGCG-CGCAATGT.filter-METAGENOME.fastq.gz	rr0748
/home/glbrc.org/trina.mcmahon/TYMEFLIES/data/experiment_35061/TYMME0rr0772_FD/Filtered_Raw_Data/52435.2.333480.CCTTGATC-GATCAAGG.filter-METAGENOME.fastq.gz	rr0772
/home/glbrc.org/trina.mcmahon/TYMEFLIES/data/experiment_35061/TYMME0rr0781_FD/Filtered_Raw_Data/52435.2.333480.GCTATCCT-AGGATAGC.filter-METAGENOME.fastq.gz	rr0781
/home/glbrc.org/trina.mcmahon/TYMEFLIES/data/experiment_35061/TYMME0rr0783_FD/Filtered_Raw_Data/52435.2.333480.TCCGTGAA-TTCACGGA.filter-METAGENOME.fastq.gz	rr0783
/home/glbrc.org/trina.mcmahon/TYMEFLIES/data/experiment_35061/TYMME0rr0784_FD/Filtered_Raw_Data/52435.2.333480.CTGCACTT-AAGTGCAG.filter-METAGENOME.fastq.gz	rr0784
/home/glbrc.org/trina.mcmahon/TYMEFLIES/data/experiment_35061/TYMME0rr0788_FD/Filtered_Raw_Data/52435.2.333480.GTTGTAGC-GCTACAAC.filter-METAGENOME.fastq.gz	rr0788
/home/glbrc.org/trina.mcmahon/TYMEFLIES/data/experiment_35061/TYMME0rr0789_FD/Filtered_Raw_Data/52435.2.333480.ACCACGAT-ATCGTGGT.filter-METAGENOME.fastq.gz	rr0789
/home/glbrc.org/trina.mcmahon/TYMEFLIES/data/experiment_35061/TYMME0rr0792_FD/Filtered_Raw_Data/52435.2.333480.TCCTTAGC-GCTAAGGA.filter-METAGENOME.fastq.gz	rr0792
/home/glbrc.org/trina.mcmahon/TYMEFLIES/data/experiment_35061/TYMME0rr0816_FD/Filtered_Raw_Data/52435.2.333480.CAACACCT-AGGTGTTG.filter-METAGENOME.fastq.gz	rr0816
/home/glbrc.org/trina.mcmahon/TYMEFLIES/data/experiment_35061/TYMME0rr0846_FD/Filtered_Raw_Data/52435.3.333514.CAGGAGAT-ATCTCCTG.filter-METAGENOME.fastq.gz	rr0846
/home/glbrc.org/trina.mcmahon/TYMEFLIES/data/experiment_35061/TYMME0rr0847_FD/Filtered_Raw_Data/52435.3.333514.TGGTACAG-CTGTACCA.filter-METAGENOME.fastq.gz	rr0847
/home/glbrc.org/trina.mcmahon/TYMEFLIES/data/experiment_35061/TYMME0rr0849_FD/Filtered_Raw_Data/52435.3.333514.AACCGTTC-GAACGGTT.filter-METAGENOME.fastq.gz	rr0849
/home/glbrc.org/trina.mcmahon/TYMEFLIES/data/experiment_35061/TYMME0rr0857_FD/Filtered_Raw_Data/52435.3.333514.AAGGCTGA-TCAGCCTT.filter-METAGENOME.fastq.gz	rr0857
/home/glbrc.org/trina.mcmahon/TYMEFLIES/data/experiment_35061/TYMME0rr0859_FD/Filtered_Raw_Data/52435.3.333514.GAGCAGTA-TACTGCTC.filter-METAGENOME.fastq.gz	rr0859
/home/glbrc.org/trina.mcmahon/TYMEFLIES/data/experiment_35061/TYMME0rr0864_FD/Filtered_Raw_Data/52435.3.333514.CTACATCC-GGATGTAG.filter-METAGENOME.fastq.gz	rr0864
/home/glbrc.org/trina.mcmahon/TYMEFLIES/data/experiment_35061/TYMME0rr0867_FD/Filtered_Raw_Data/52435.3.333514.AGAACGAG-CTCGTTCT.filter-METAGENOME.fastq.gz	rr0867
/home/glbrc.org/trina.mcmahon/TYMEFLIES/data/experiment_35061/TYMME0rr0877_FD/Filtered_Raw_Data/52460.2.340955.ATACTCCG-ATACTCCG.filter-METAGENOME.fastq.gz	rr0877
/home/glbrc.org/trina.mcmahon/TYMEFLIES/data/experiment_35061/TYMME0rr0897_FD/Filtered_Raw_Data/52591.1.391091.ACGCCTAA-ACGCCTAA.filter-METAGENOME.fastq.gz	rr0897
/home/glbrc.org/trina.mcmahon/TYMEFLIES/data/experiment_35061/TYMME0rr0900_FD/Filtered_Raw_Data/52460.2.340955.TAATGCCG-TAATGCCG.filter-METAGENOME.fastq.gz	rr0900
/home/glbrc.org/trina.mcmahon/TYMEFLIES/data/experiment_35061/TYMME0rr0906_FD/Filtered_Raw_Data/52460.2.340955.CAACCTAG-CAACCTAG.filter-METAGENOME.fastq.gz	rr0906
/home/glbrc.org/trina.mcmahon/TYMEFLIES/data/experiment_35061/TYMME0rr0907_FD/Filtered_Raw_Data/52438.4.334100.AGCAGATG-CATCTGCT.filter-METAGENOME.fastq.gz	rr0907
/home/glbrc.org/trina.mcmahon/TYMEFLIES/data/experiment_35061/TYMME0rr0912_FD/Filtered_Raw_Data/52460.2.340955.CGCATGAT-CGCATGAT.filter-METAGENOME.fastq.gz	rr0912
/home/glbrc.org/trina.mcmahon/TYMEFLIES/data/experiment_35061/TYMME0rr0915_FD/Filtered_Raw_Data/52460.2.340955.CCTATACC-CCTATACC.filter-METAGENOME.fastq.gz	rr0915
/home/glbrc.org/trina.mcmahon/TYMEFLIES/data/experiment_35061/TYMME0rr0919_FD/Filtered_Raw_Data/52460.2.340955.AGTGTTGG-AGTGTTGG.filter-METAGENOME.fastq.gz	rr0919
/home/glbrc.org/trina.mcmahon/TYMEFLIES/data/experiment_35061/TYMME0rr0921_FD/Filtered_Raw_Data/52460.2.340955.CATGGAAC-CATGGAAC.filter-METAGENOME.fastq.gz	rr0921
/home/glbrc.org/trina.mcmahon/TYMEFLIES/data/experiment_35061/TYMME0rr0929_FD/Filtered_Raw_Data/52463.1.341545.GTAGAGCA-GTAGAGCA.filter-METAGENOME.fastq.gz	rr0929
/home/glbrc.org/trina.mcmahon/TYMEFLIES/data/experiment_35061/TYMME0rr0930_FD/Filtered_Raw_Data/52463.1.341545.CAGCGATT-CAGCGATT.filter-METAGENOME.fastq.gz	rr0930
/home/glbrc.org/trina.mcmahon/TYMEFLIES/data/experiment_35061/TYMME0rr0936_FD/Filtered_Raw_Data/52463.1.341545.AGTCGCTT-AGTCGCTT.filter-METAGENOME.fastq.gz	rr0936
/home/glbrc.org/trina.mcmahon/TYMEFLIES/data/experiment_35061/TYMME0rr0945_FD/Filtered_Raw_Data/52463.1.341545.AACCTCCT-AACCTCCT.filter-METAGENOME.fastq.gz	rr0945
/home/glbrc.org/trina.mcmahon/TYMEFLIES/data/experiment_35061/TYMME0rr0952_FD/Filtered_Raw_Data/52463.1.341545.GTTAAGGC-GTTAAGGC.filter-METAGENOME.fastq.gz	rr0952
/home/glbrc.org/trina.mcmahon/TYMEFLIES/data/experiment_35061/TYMME0rr0956_FD/Filtered_Raw_Data/52463.1.341545.CAACGGAT-CAACGGAT.filter-METAGENOME.fastq.gz	rr0956
/home/glbrc.org/trina.mcmahon/TYMEFLIES/data/experiment_35061/TYMME0rr0961_FD/Filtered_Raw_Data/52463.1.341545.CGTTGCAA-CGTTGCAA.filter-METAGENOME.fastq.gz	rr0961
/home/glbrc.org/trina.mcmahon/TYMEFLIES/data/experiment_35061/TYMME0rr0968_FD/Filtered_Raw_Data/52463.1.341545.GGACTAGA-GGACTAGA.filter-METAGENOME.fastq.gz	rr0968
/home/glbrc.org/trina.mcmahon/TYMEFLIES/data/experiment_35061/TYMME0rr0969_FD/Filtered_Raw_Data/52463.1.341545.CTCATCAG-CTCATCAG.filter-METAGENOME.fastq.gz	rr0969
/home/glbrc.org/trina.mcmahon/TYMEFLIES/data/experiment_35061/TYMME0rr0984_FD/Filtered_Raw_Data/52465.4.342312.GCAATGGA-GCAATGGA.filter-METAGENOME.fastq.gz	rr0984
/home/glbrc.org/trina.mcmahon/TYMEFLIES/data/experiment_35061/TYMME0rr0986_FD/Filtered_Raw_Data/52465.4.342312.TACCAGGA-TACCAGGA.filter-METAGENOME.fastq.gz	rr0986
/home/glbrc.org/trina.mcmahon/TYMEFLIES/data/experiment_35061/TYMME0ww0233_FD/Filtered_Raw_Data/52591.1.391091.AGTCGCTT-AGTCGCTT.filter-METAGENOME.fastq.gz	ww0233
/home/glbrc.org/trina.mcmahon/TYMEFLIES/data/experiment_35061/TYMME0ww0327_FD/Filtered_Raw_Data/52441.3.335545.AAGAGCCA-TGGCTCTT.filter-METAGENOME.fastq.gz	ww0327
/home/glbrc.org/trina.mcmahon/TYMEFLIES/data/experiment_35061/TYMME0ww0341_FD/Filtered_Raw_Data/52442.1.335689.TTGGACGT-ACGTCCAA.filter-METAGENOME.fastq.gz	ww0341
/home/glbrc.org/trina.mcmahon/TYMEFLIES/data/experiment_35061/TYMME1rd0039_FD/Filtered_Raw_Data/52439.4.334348.CGGTTGTT-AACAACCG.filter-METAGENOME.fastq.gz	rd0039
/home/glbrc.org/trina.mcmahon/TYMEFLIES/data/experiment_35061/TYMME1rd0103_FD/Filtered_Raw_Data/52439.4.334348.TCGCTGTT-AACAGCGA.filter-METAGENOME.fastq.gz	rd0103
/home/glbrc.org/trina.mcmahon/TYMEFLIES/data/experiment_35061/TYMME1rd0185_FD/Filtered_Raw_Data/52439.4.334348.TTCGTACC-GGTACGAA.filter-METAGENOME.fastq.gz	rd0185
/home/glbrc.org/trina.mcmahon/TYMEFLIES/data/experiment_35061/TYMME1rd0212_FD/Filtered_Raw_Data/52434.1.332899.ACACGGTT-AACCGTGT.filter-METAGENOME.fastq.gz	rd0212
/home/glbrc.org/trina.mcmahon/TYMEFLIES/data/experiment_35061/TYMME1rd0216_FD/Filtered_Raw_Data/52542.4.375086.AGTCAGGA-AGTCAGGA.filter-METAGENOME.fastq.gz	rd0216
/home/glbrc.org/trina.mcmahon/TYMEFLIES/data/experiment_35061/TYMME1rd0387_FD/Filtered_Raw_Data/52442.1.335689.CAAGGTCT-AGACCTTG.filter-METAGENOME.fastq.gz	rd0387
/home/glbrc.org/trina.mcmahon/TYMEFLIES/data/experiment_35061/TYMME1rd0665_FD/Filtered_Raw_Data/52437.4.333734.CGTTGAGT-ACTCAACG.filter-METAGENOME.fastq.gz	rd0665
/home/glbrc.org/trina.mcmahon/TYMEFLIES/data/experiment_35061/TYMME1rd0755_FD/Filtered_Raw_Data/52435.1.333446.GTCTGATC-GATCAGAC.filter-METAGENOME.fastq.gz	rd0755
/home/glbrc.org/trina.mcmahon/TYMEFLIES/data/experiment_35061/TYMME1rf0549_FD/Filtered_Raw_Data/52437.3.333700.GTTCAACC-GGTTGAAC.filter-METAGENOME.fastq.gz	rf0549
/home/glbrc.org/trina.mcmahon/TYMEFLIES/data/experiment_35061/TYMME1rr0005_FD/Filtered_Raw_Data/12845.4.291124.TACCAACC-GGTTGGTA.filter-METAGENOME.fastq.gz	rr0005
/home/glbrc.org/trina.mcmahon/TYMEFLIES/data/experiment_35061/TYMME1rr0016_FD/Filtered_Raw_Data/12844.1.289902.CCAGTGTT-AACACTGG.filter-METAGENOME.fastq.gz	rr0016
/home/glbrc.org/trina.mcmahon/TYMEFLIES/data/experiment_35061/TYMME1rr0020_FD/Filtered_Raw_Data/12844.1.289902.TGTACACC-GGTGTACA.filter-METAGENOME.fastq.gz	rr0020
/home/glbrc.org/trina.mcmahon/TYMEFLIES/data/experiment_35061/TYMME1rr0022_FD/Filtered_Raw_Data/52439.4.334348.ATAGCGGT-ACCGCTAT.filter-METAGENOME.fastq.gz	rr0022
/home/glbrc.org/trina.mcmahon/TYMEFLIES/data/experiment_35061/TYMME1rr0027_FD/Filtered_Raw_Data/12844.1.289902.AGCTAACC-GGTTAGCT.filter-METAGENOME.fastq.gz	rr0027
/home/glbrc.org/trina.mcmahon/TYMEFLIES/data/experiment_35061/TYMME1rr0029_FD/Filtered_Raw_Data/12844.1.289902.ACGGAACA-TGTTCCGT.filter-METAGENOME.fastq.gz	rr0029
/home/glbrc.org/trina.mcmahon/TYMEFLIES/data/experiment_35061/TYMME1rr0030_FD/Filtered_Raw_Data/12844.1.289902.GTTCGGTT-AACCGAAC.filter-METAGENOME.fastq.gz	rr0030
/home/glbrc.org/trina.mcmahon/TYMEFLIES/data/experiment_35061/TYMME1rr0031_FD/Filtered_Raw_Data/12844.1.289902.ACAGCAAC-GTTGCTGT.filter-METAGENOME.fastq.gz	rr0031
/home/glbrc.org/trina.mcmahon/TYMEFLIES/data/experiment_35061/TYMME1rr0035_FD/Filtered_Raw_Data/12844.1.289902.TCATCACC-GGTGATGA.filter-METAGENOME.fastq.gz	rr0035
/home/glbrc.org/trina.mcmahon/TYMEFLIES/data/experiment_35061/TYMME1rr0048_FD/Filtered_Raw_Data/12844.1.289902.TCCGAGTT-AACTCGGA.filter-METAGENOME.fastq.gz	rr0048
/home/glbrc.org/trina.mcmahon/TYMEFLIES/data/experiment_35061/TYMME1rr0054_FD/Filtered_Raw_Data/12844.1.289902.ACGGTCTT-AAGACCGT.filter-METAGENOME.fastq.gz	rr0054
/home/glbrc.org/trina.mcmahon/TYMEFLIES/data/experiment_35061/TYMME1rr0068_FD/Filtered_Raw_Data/12844.1.289902.GTCTCCTT-AAGGAGAC.filter-METAGENOME.fastq.gz	rr0068
/home/glbrc.org/trina.mcmahon/TYMEFLIES/data/experiment_35061/TYMME1rr0073_FD/Filtered_Raw_Data/52439.4.334348.GCCTTGTT-AACAAGGC.filter-METAGENOME.fastq.gz	rr0073
/home/glbrc.org/trina.mcmahon/TYMEFLIES/data/experiment_35061/TYMME1rr0077_FD/Filtered_Raw_Data/12844.1.289902.TCTCTTCC-GGAAGAGA.filter-METAGENOME.fastq.gz	rr0077
/home/glbrc.org/trina.mcmahon/TYMEFLIES/data/experiment_35061/TYMME1rr0078_FD/Filtered_Raw_Data/12844.2.289969.GAGGACTT-AAGTCCTC.filter-METAGENOME.fastq.gz	rr0078
/home/glbrc.org/trina.mcmahon/TYMEFLIES/data/experiment_35061/TYMME1rr0079_FD/Filtered_Raw_Data/12844.2.289969.AGAATGCC-GGCATTCT.filter-METAGENOME.fastq.gz	rr0079
/home/glbrc.org/trina.mcmahon/TYMEFLIES/data/experiment_35061/TYMME1rr0082_FD/Filtered_Raw_Data/12844.2.289969.GCTGGATT-AATCCAGC.filter-METAGENOME.fastq.gz	rr0082
/home/glbrc.org/trina.mcmahon/TYMEFLIES/data/experiment_35061/TYMME1rr0083_FD/Filtered_Raw_Data/52439.4.334348.CTGACACA-TGTGTCAG.filter-METAGENOME.fastq.gz	rr0083
/home/glbrc.org/trina.mcmahon/TYMEFLIES/data/experiment_35061/TYMME1rr0084_FD/Filtered_Raw_Data/52439.4.334348.CCAGTGTT-AACACTGG.filter-METAGENOME.fastq.gz	rr0084
/home/glbrc.org/trina.mcmahon/TYMEFLIES/data/experiment_35061/TYMME1rr0087_FD/Filtered_Raw_Data/12844.2.289969.CGACCATT-AATGGTCG.filter-METAGENOME.fastq.gz	rr0087
/home/glbrc.org/trina.mcmahon/TYMEFLIES/data/experiment_35061/TYMME1rr0097_FD/Filtered_Raw_Data/12844.2.289969.GGATACCA-TGGTATCC.filter-METAGENOME.fastq.gz	rr0097
/home/glbrc.org/trina.mcmahon/TYMEFLIES/data/experiment_35061/TYMME1rr0098_FD/Filtered_Raw_Data/12844.2.289969.ACCTCTGT-ACAGAGGT.filter-METAGENOME.fastq.gz	rr0098
/home/glbrc.org/trina.mcmahon/TYMEFLIES/data/experiment_35061/TYMME1rr0105_FD/Filtered_Raw_Data/12844.2.289969.TGGATCAC-GTGATCCA.filter-METAGENOME.fastq.gz	rr0105
/home/glbrc.org/trina.mcmahon/TYMEFLIES/data/experiment_35061/TYMME1rr0107_FD/Filtered_Raw_Data/12844.2.289969.CTTGCTGT-ACAGCAAG.filter-METAGENOME.fastq.gz	rr0107
/home/glbrc.org/trina.mcmahon/TYMEFLIES/data/experiment_35061/TYMME1rr0110_FD/Filtered_Raw_Data/12844.2.289969.GCCATAAC-GTTATGGC.filter-METAGENOME.fastq.gz	rr0110
/home/glbrc.org/trina.mcmahon/TYMEFLIES/data/experiment_35061/TYMME1rr0111_FD/Filtered_Raw_Data/52439.4.334348.AGCTAACC-GGTTAGCT.filter-METAGENOME.fastq.gz	rr0111
/home/glbrc.org/trina.mcmahon/TYMEFLIES/data/experiment_35061/TYMME1rr0112_FD/Filtered_Raw_Data/12844.2.289969.ATGCCTGT-ACAGGCAT.filter-METAGENOME.fastq.gz	rr0112
/home/glbrc.org/trina.mcmahon/TYMEFLIES/data/experiment_35061/TYMME1rr0124_FD/Filtered_Raw_Data/12844.2.289969.TGGCATGT-ACATGCCA.filter-METAGENOME.fastq.gz	rr0124
/home/glbrc.org/trina.mcmahon/TYMEFLIES/data/experiment_35061/TYMME1rr0127_FD/Filtered_Raw_Data/12844.2.289969.TGCTTGGT-ACCAAGCA.filter-METAGENOME.fastq.gz	rr0127
/home/glbrc.org/trina.mcmahon/TYMEFLIES/data/experiment_35061/TYMME1rr0135_FD/Filtered_Raw_Data/12844.2.289969.TAACCGGT-ACCGGTTA.filter-METAGENOME.fastq.gz	rr0135
/home/glbrc.org/trina.mcmahon/TYMEFLIES/data/experiment_35061/TYMME1rr0136_FD/Filtered_Raw_Data/12844.2.289969.ATGGTCCA-TGGACCAT.filter-METAGENOME.fastq.gz	rr0136
/home/glbrc.org/trina.mcmahon/TYMEFLIES/data/experiment_35061/TYMME1rr0151_FD/Filtered_Raw_Data/52434.1.332899.GGTACTAC-GTAGTACC.filter-METAGENOME.fastq.gz	rr0151
/home/glbrc.org/trina.mcmahon/TYMEFLIES/data/experiment_35061/TYMME1rr0152_FD/Filtered_Raw_Data/12844.2.289969.TTGAGGCA-TGCCTCAA.filter-METAGENOME.fastq.gz	rr0152
/home/glbrc.org/trina.mcmahon/TYMEFLIES/data/experiment_35061/TYMME1rr0154_FD/Filtered_Raw_Data/52439.4.334348.TCATCACC-GGTGATGA.filter-METAGENOME.fastq.gz	rr0154
/home/glbrc.org/trina.mcmahon/TYMEFLIES/data/experiment_35061/TYMME1rr0156_FD/Filtered_Raw_Data/12859.3.292495.TTGGACGT-ACGTCCAA.filter-METAGENOME.fastq.gz	rr0156
/home/glbrc.org/trina.mcmahon/TYMEFLIES/data/experiment_35061/TYMME1rr0160_FD/Filtered_Raw_Data/52439.4.334348.TGTGCGTT-AACGCACA.filter-METAGENOME.fastq.gz	rr0160
/home/glbrc.org/trina.mcmahon/TYMEFLIES/data/experiment_35061/TYMME1rr0163_FD/Filtered_Raw_Data/12859.3.292495.GTGAATCC-GGATTCAC.filter-METAGENOME.fastq.gz	rr0163
/home/glbrc.org/trina.mcmahon/TYMEFLIES/data/experiment_35061/TYMME1rr0174_FD/Filtered_Raw_Data/12859.3.292495.CTATCGCA-TGCGATAG.filter-METAGENOME.fastq.gz	rr0174
/home/glbrc.org/trina.mcmahon/TYMEFLIES/data/experiment_35061/TYMME1rr0187_FD/Filtered_Raw_Data/12859.3.292495.ATGCACGA-TCGTGCAT.filter-METAGENOME.fastq.gz	rr0187
/home/glbrc.org/trina.mcmahon/TYMEFLIES/data/experiment_35061/TYMME1rr0190_FD/Filtered_Raw_Data/12859.3.292495.CAAGGTCT-AGACCTTG.filter-METAGENOME.fastq.gz	rr0190
/home/glbrc.org/trina.mcmahon/TYMEFLIES/data/experiment_35061/TYMME1rr0197_FD/Filtered_Raw_Data/52439.4.334348.ACGGTCTT-AAGACCGT.filter-METAGENOME.fastq.gz	rr0197
/home/glbrc.org/trina.mcmahon/TYMEFLIES/data/experiment_35061/TYMME1rr0225_FD/Filtered_Raw_Data/52441.2.335479.TGACTGAC-GTCAGTCA.filter-METAGENOME.fastq.gz	rr0225
/home/glbrc.org/trina.mcmahon/TYMEFLIES/data/experiment_35061/TYMME1rr0237_FD/Filtered_Raw_Data/52441.2.335479.AGTAGTCC-GGACTACT.filter-METAGENOME.fastq.gz	rr0237
/home/glbrc.org/trina.mcmahon/TYMEFLIES/data/experiment_35061/TYMME1rr0268_FD/Filtered_Raw_Data/52591.1.391091.GTAGGAGT-GTAGGAGT.filter-METAGENOME.fastq.gz	rr0268
/home/glbrc.org/trina.mcmahon/TYMEFLIES/data/experiment_35061/TYMME1rr0299_FD/Filtered_Raw_Data/52441.3.335545.GCCATAAC-GTTATGGC.filter-METAGENOME.fastq.gz	rr0299
/home/glbrc.org/trina.mcmahon/TYMEFLIES/data/experiment_35061/TYMME1rr0306_FD/Filtered_Raw_Data/52438.4.334100.CGCATGAT-ATCATGCG.filter-METAGENOME.fastq.gz	rr0306
/home/glbrc.org/trina.mcmahon/TYMEFLIES/data/experiment_35061/TYMME1rr0307_FD/Filtered_Raw_Data/52441.3.335545.GAAGTACC-GGTACTTC.filter-METAGENOME.fastq.gz	rr0307
/home/glbrc.org/trina.mcmahon/TYMEFLIES/data/experiment_35061/TYMME1rr0308_FD/Filtered_Raw_Data/52441.3.335545.CGAACTGT-ACAGTTCG.filter-METAGENOME.fastq.gz	rr0308
/home/glbrc.org/trina.mcmahon/TYMEFLIES/data/experiment_35061/TYMME1rr0315_FD/Filtered_Raw_Data/52441.3.335545.CATACCAC-GTGGTATG.filter-METAGENOME.fastq.gz	rr0315
/home/glbrc.org/trina.mcmahon/TYMEFLIES/data/experiment_35061/TYMME1rr0320_FD/Filtered_Raw_Data/52441.3.335545.TAACCGGT-ACCGGTTA.filter-METAGENOME.fastq.gz	rr0320
/home/glbrc.org/trina.mcmahon/TYMEFLIES/data/experiment_35061/TYMME1rr0324_FD/Filtered_Raw_Data/52441.3.335545.GTCTAGGT-ACCTAGAC.filter-METAGENOME.fastq.gz	rr0324
/home/glbrc.org/trina.mcmahon/TYMEFLIES/data/experiment_35061/TYMME1rr0329_FD/Filtered_Raw_Data/52441.3.335545.TATTCGCC-GGCGAATA.filter-METAGENOME.fastq.gz	rr0329
/home/glbrc.org/trina.mcmahon/TYMEFLIES/data/experiment_35061/TYMME1rr0336_FD/Filtered_Raw_Data/52442.1.335689.AACGGTCA-TGACCGTT.filter-METAGENOME.fastq.gz	rr0336
/home/glbrc.org/trina.mcmahon/TYMEFLIES/data/experiment_35061/TYMME1rr0340_FD/Filtered_Raw_Data/52442.1.335689.TTGAGGCA-TGCCTCAA.filter-METAGENOME.fastq.gz	rr0340
/home/glbrc.org/trina.mcmahon/TYMEFLIES/data/experiment_35061/TYMME1rr0348_FD/Filtered_Raw_Data/52442.1.335689.CACCTTAC-GTAAGGTG.filter-METAGENOME.fastq.gz	rr0348
/home/glbrc.org/trina.mcmahon/TYMEFLIES/data/experiment_35061/TYMME1rr0354_FD/Filtered_Raw_Data/52442.1.335689.GCGATAGT-ACTATCGC.filter-METAGENOME.fastq.gz	rr0354
/home/glbrc.org/trina.mcmahon/TYMEFLIES/data/experiment_35061/TYMME1rr0357_FD/Filtered_Raw_Data/52442.1.335689.CGTTGAGT-ACTCAACG.filter-METAGENOME.fastq.gz	rr0357
/home/glbrc.org/trina.mcmahon/TYMEFLIES/data/experiment_35061/TYMME1rr0375_FD/Filtered_Raw_Data/52442.1.335689.ACACCAGT-ACTGGTGT.filter-METAGENOME.fastq.gz	rr0375
/home/glbrc.org/trina.mcmahon/TYMEFLIES/data/experiment_35061/TYMME1rr0381_FD/Filtered_Raw_Data/52442.1.335689.ATGCACGA-TCGTGCAT.filter-METAGENOME.fastq.gz	rr0381
/home/glbrc.org/trina.mcmahon/TYMEFLIES/data/experiment_35061/TYMME1rr0392_FD/Filtered_Raw_Data/52442.1.335689.TAGCGTCT-AGACGCTA.filter-METAGENOME.fastq.gz	rr0392
/home/glbrc.org/trina.mcmahon/TYMEFLIES/data/experiment_35061/TYMME1rr0394_FD/Filtered_Raw_Data/52437.1.333590.GAGCTCAA-TTGAGCTC.filter-METAGENOME.fastq.gz	rr0394
/home/glbrc.org/trina.mcmahon/TYMEFLIES/data/experiment_35061/TYMME1rr0397_FD/Filtered_Raw_Data/52438.4.334100.GGCTATTG-CAATAGCC.filter-METAGENOME.fastq.gz	rr0397
/home/glbrc.org/trina.mcmahon/TYMEFLIES/data/experiment_35061/TYMME1rr0402_FD/Filtered_Raw_Data/52437.1.333590.CGGTTGTT-AACAACCG.filter-METAGENOME.fastq.gz	rr0402
/home/glbrc.org/trina.mcmahon/TYMEFLIES/data/experiment_35061/TYMME1rr0407_FD/Filtered_Raw_Data/52437.1.333590.CTGACACA-TGTGTCAG.filter-METAGENOME.fastq.gz	rr0407
/home/glbrc.org/trina.mcmahon/TYMEFLIES/data/experiment_35061/TYMME1rr0408_FD/Filtered_Raw_Data/52437.1.333590.CCAGTGTT-AACACTGG.filter-METAGENOME.fastq.gz	rr0408
/home/glbrc.org/trina.mcmahon/TYMEFLIES/data/experiment_35061/TYMME1rr0420_FD/Filtered_Raw_Data/52437.1.333590.ACAGCAAC-GTTGCTGT.filter-METAGENOME.fastq.gz	rr0420
/home/glbrc.org/trina.mcmahon/TYMEFLIES/data/experiment_35061/TYMME1rr0421_FD/Filtered_Raw_Data/52434.1.332899.ACTCGTTG-CAACGAGT.filter-METAGENOME.fastq.gz	rr0421
/home/glbrc.org/trina.mcmahon/TYMEFLIES/data/experiment_35061/TYMME1rr0428_FD/Filtered_Raw_Data/52437.1.333590.TCATCACC-GGTGATGA.filter-METAGENOME.fastq.gz	rr0428
/home/glbrc.org/trina.mcmahon/TYMEFLIES/data/experiment_35061/TYMME1rr0433_FD/Filtered_Raw_Data/52437.1.333590.TGTGCGTT-AACGCACA.filter-METAGENOME.fastq.gz	rr0433
/home/glbrc.org/trina.mcmahon/TYMEFLIES/data/experiment_35061/TYMME1rr0448_FD/Filtered_Raw_Data/52437.1.333590.TTCGTACC-GGTACGAA.filter-METAGENOME.fastq.gz	rr0448
/home/glbrc.org/trina.mcmahon/TYMEFLIES/data/experiment_35061/TYMME1rr0451_FD/Filtered_Raw_Data/52434.1.332899.CATTCGGT-ACCGAATG.filter-METAGENOME.fastq.gz	rr0451
/home/glbrc.org/trina.mcmahon/TYMEFLIES/data/experiment_35061/TYMME1rr0464_FD/Filtered_Raw_Data/52437.1.333590.CAATCGAC-GTCGATTG.filter-METAGENOME.fastq.gz	rr0464
/home/glbrc.org/trina.mcmahon/TYMEFLIES/data/experiment_35061/TYMME1rr0465_FD/Filtered_Raw_Data/52437.3.333700.CCTTCCTT-AAGGAAGG.filter-METAGENOME.fastq.gz	rr0465
/home/glbrc.org/trina.mcmahon/TYMEFLIES/data/experiment_35061/TYMME1rr0471_FD/Filtered_Raw_Data/52437.3.333700.AGTAGTCC-GGACTACT.filter-METAGENOME.fastq.gz	rr0471
/home/glbrc.org/trina.mcmahon/TYMEFLIES/data/experiment_35061/TYMME1rr0474_FD/Filtered_Raw_Data/52437.3.333700.AGAGCCTT-AAGGCTCT.filter-METAGENOME.fastq.gz	rr0474
/home/glbrc.org/trina.mcmahon/TYMEFLIES/data/experiment_35061/TYMME1rr0500_FD/Filtered_Raw_Data/52437.3.333700.AGAATGCC-GGCATTCT.filter-METAGENOME.fastq.gz	rr0500
/home/glbrc.org/trina.mcmahon/TYMEFLIES/data/experiment_35061/TYMME1rr0523_FD/Filtered_Raw_Data/52437.3.333700.TCGGTTAC-GTAACCGA.filter-METAGENOME.fastq.gz	rr0523
/home/glbrc.org/trina.mcmahon/TYMEFLIES/data/experiment_35061/TYMME1rr0552_FD/Filtered_Raw_Data/52437.3.333700.CAGAGTGT-ACACTCTG.filter-METAGENOME.fastq.gz	rr0552
/home/glbrc.org/trina.mcmahon/TYMEFLIES/data/experiment_35061/TYMME1rr0556_FD/Filtered_Raw_Data/52437.3.333700.GGATACCA-TGGTATCC.filter-METAGENOME.fastq.gz	rr0556
/home/glbrc.org/trina.mcmahon/TYMEFLIES/data/experiment_35061/TYMME1rr0561_FD/Filtered_Raw_Data/52438.4.334100.GGCAAGTT-AACTTGCC.filter-METAGENOME.fastq.gz	rr0561
/home/glbrc.org/trina.mcmahon/TYMEFLIES/data/experiment_35061/TYMME1rr0562_FD/Filtered_Raw_Data/52437.3.333700.TGGATCAC-GTGATCCA.filter-METAGENOME.fastq.gz	rr0562
/home/glbrc.org/trina.mcmahon/TYMEFLIES/data/experiment_35061/TYMME1rr0589_FD/Filtered_Raw_Data/52437.3.333700.GAAGTACC-GGTACTTC.filter-METAGENOME.fastq.gz	rr0589
/home/glbrc.org/trina.mcmahon/TYMEFLIES/data/experiment_35061/TYMME1rr0600_FD/Filtered_Raw_Data/52437.3.333700.TAGTGACC-GGTCACTA.filter-METAGENOME.fastq.gz	rr0600
/home/glbrc.org/trina.mcmahon/TYMEFLIES/data/experiment_35061/TYMME1rr0635_FD/Filtered_Raw_Data/52437.4.333734.AAGAGCCA-TGGCTCTT.filter-METAGENOME.fastq.gz	rr0635
/home/glbrc.org/trina.mcmahon/TYMEFLIES/data/experiment_35061/TYMME1rr0638_FD/Filtered_Raw_Data/52437.4.333734.TATTCGCC-GGCGAATA.filter-METAGENOME.fastq.gz	rr0638
/home/glbrc.org/trina.mcmahon/TYMEFLIES/data/experiment_35061/TYMME1rr0644_FD/Filtered_Raw_Data/52437.4.333734.AACGGTCA-TGACCGTT.filter-METAGENOME.fastq.gz	rr0644
/home/glbrc.org/trina.mcmahon/TYMEFLIES/data/experiment_35061/TYMME1rr0656_FD/Filtered_Raw_Data/52437.4.333734.CACCTTAC-GTAAGGTG.filter-METAGENOME.fastq.gz	rr0656
/home/glbrc.org/trina.mcmahon/TYMEFLIES/data/experiment_35061/TYMME1rr0663_FD/Filtered_Raw_Data/52437.4.333734.GCGATAGT-ACTATCGC.filter-METAGENOME.fastq.gz	rr0663
/home/glbrc.org/trina.mcmahon/TYMEFLIES/data/experiment_35061/TYMME1rr0672_FD/Filtered_Raw_Data/52437.4.333734.GATCGAGT-ACTCGATC.filter-METAGENOME.fastq.gz	rr0672
/home/glbrc.org/trina.mcmahon/TYMEFLIES/data/experiment_35061/TYMME1rr0673_FD/Filtered_Raw_Data/52437.4.333734.CTATCGCA-TGCGATAG.filter-METAGENOME.fastq.gz	rr0673
/home/glbrc.org/trina.mcmahon/TYMEFLIES/data/experiment_35061/TYMME1rr0675_FD/Filtered_Raw_Data/52437.4.333734.AGTGCAGT-ACTGCACT.filter-METAGENOME.fastq.gz	rr0675
/home/glbrc.org/trina.mcmahon/TYMEFLIES/data/experiment_35061/TYMME1rr0679_FD/Filtered_Raw_Data/52439.2.334221.ACACCAGT-ACTGGTGT.filter-METAGENOME.fastq.gz	rr0679
/home/glbrc.org/trina.mcmahon/TYMEFLIES/data/experiment_35061/TYMME1rr0692_FD/Filtered_Raw_Data/52439.2.334221.TAGCGTCT-AGACGCTA.filter-METAGENOME.fastq.gz	rr0692
/home/glbrc.org/trina.mcmahon/TYMEFLIES/data/experiment_35061/TYMME1rr0696_FD/Filtered_Raw_Data/52435.1.333446.GTCCACAT-ATGTGGAC.filter-METAGENOME.fastq.gz	rr0696
/home/glbrc.org/trina.mcmahon/TYMEFLIES/data/experiment_35061/TYMME1rr0699_FD/Filtered_Raw_Data/52435.1.333446.CGTTATGC-GCATAACG.filter-METAGENOME.fastq.gz	rr0699
/home/glbrc.org/trina.mcmahon/TYMEFLIES/data/experiment_35061/TYMME1rr0703_FD/Filtered_Raw_Data/52435.1.333446.TTACCGAG-CTCGGTAA.filter-METAGENOME.fastq.gz	rr0703
/home/glbrc.org/trina.mcmahon/TYMEFLIES/data/experiment_35061/TYMME1rr0730_FD/Filtered_Raw_Data/52435.1.333446.TACATCGG-CCGATGTA.filter-METAGENOME.fastq.gz	rr0730
/home/glbrc.org/trina.mcmahon/TYMEFLIES/data/experiment_35061/TYMME1rr0733_FD/Filtered_Raw_Data/52435.1.333446.ATACGACC-GGTCGTAT.filter-METAGENOME.fastq.gz	rr0733
/home/glbrc.org/trina.mcmahon/TYMEFLIES/data/experiment_35061/TYMME1rr0754_FD/Filtered_Raw_Data/52435.1.333446.AATACGCG-CGCGTATT.filter-METAGENOME.fastq.gz	rr0754
/home/glbrc.org/trina.mcmahon/TYMEFLIES/data/experiment_35061/TYMME1rr0761_FD/Filtered_Raw_Data/52435.2.333480.CGACGTTA-TAACGTCG.filter-METAGENOME.fastq.gz	rr0761
/home/glbrc.org/trina.mcmahon/TYMEFLIES/data/experiment_35061/TYMME1rr0770_FD/Filtered_Raw_Data/52435.2.333480.TCAAGGAC-GTCCTTGA.filter-METAGENOME.fastq.gz	rr0770
/home/glbrc.org/trina.mcmahon/TYMEFLIES/data/experiment_35061/TYMME1rr0793_FD/Filtered_Raw_Data/52435.2.333480.ACGACTTG-CAAGTCGT.filter-METAGENOME.fastq.gz	rr0793
/home/glbrc.org/trina.mcmahon/TYMEFLIES/data/experiment_35061/TYMME1rr0798_FD/Filtered_Raw_Data/52435.2.333480.GCATACAG-CTGTATGC.filter-METAGENOME.fastq.gz	rr0798
/home/glbrc.org/trina.mcmahon/TYMEFLIES/data/experiment_35061/TYMME1rr0805_FD/Filtered_Raw_Data/52435.2.333480.CATCGTGA-TCACGATG.filter-METAGENOME.fastq.gz	rr0805
/home/glbrc.org/trina.mcmahon/TYMEFLIES/data/experiment_35061/TYMME1rr0827_FD/Filtered_Raw_Data/52435.3.333514.GTCGGTAA-TTACCGAC.filter-METAGENOME.fastq.gz	rr0827
/home/glbrc.org/trina.mcmahon/TYMEFLIES/data/experiment_35061/TYMME1rr0834_FD/Filtered_Raw_Data/52435.3.333514.GGACAATC-GATTGTCC.filter-METAGENOME.fastq.gz	rr0834
/home/glbrc.org/trina.mcmahon/TYMEFLIES/data/experiment_35061/TYMME1rr0838_FD/Filtered_Raw_Data/52435.3.333514.CACAAGTC-GACTTGTG.filter-METAGENOME.fastq.gz	rr0838
/home/glbrc.org/trina.mcmahon/TYMEFLIES/data/experiment_35061/TYMME1rr0852_FD/Filtered_Raw_Data/52435.3.333514.ACAGCTCA-TGAGCTGT.filter-METAGENOME.fastq.gz	rr0852
/home/glbrc.org/trina.mcmahon/TYMEFLIES/data/experiment_35061/TYMME1rr0854_FD/Filtered_Raw_Data/52435.3.333514.GTTCTCGT-ACGAGAAC.filter-METAGENOME.fastq.gz	rr0854
/home/glbrc.org/trina.mcmahon/TYMEFLIES/data/experiment_35061/TYMME1rr0856_FD/Filtered_Raw_Data/52438.4.334100.TCGTCTCA-TGAGACGA.filter-METAGENOME.fastq.gz	rr0856
/home/glbrc.org/trina.mcmahon/TYMEFLIES/data/experiment_35061/TYMME1rr0862_FD/Filtered_Raw_Data/52435.3.333514.TTGCCACT-AGTGGCAA.filter-METAGENOME.fastq.gz	rr0862
/home/glbrc.org/trina.mcmahon/TYMEFLIES/data/experiment_35061/TYMME1rr0870_FD/Filtered_Raw_Data/52435.3.333514.CTTCACCA-TGGTGAAG.filter-METAGENOME.fastq.gz	rr0870
/home/glbrc.org/trina.mcmahon/TYMEFLIES/data/experiment_35061/TYMME1rr0871_FD/Filtered_Raw_Data/52435.3.333514.GAAGTTGG-CCAACTTC.filter-METAGENOME.fastq.gz	rr0871
/home/glbrc.org/trina.mcmahon/TYMEFLIES/data/experiment_35061/TYMME1rr0873_FD/Filtered_Raw_Data/52460.2.340955.ATCGATCG-ATCGATCG.filter-METAGENOME.fastq.gz	rr0873
/home/glbrc.org/trina.mcmahon/TYMEFLIES/data/experiment_35061/TYMME1rr0874_FD/Filtered_Raw_Data/52460.2.340955.TCGCGATA-TCGCGATA.filter-METAGENOME.fastq.gz	rr0874
/home/glbrc.org/trina.mcmahon/TYMEFLIES/data/experiment_35061/TYMME1rr0878_FD/Filtered_Raw_Data/52460.2.340955.TAGGATGC-TAGGATGC.filter-METAGENOME.fastq.gz	rr0878
/home/glbrc.org/trina.mcmahon/TYMEFLIES/data/experiment_35061/TYMME1rr0884_FD/Filtered_Raw_Data/52460.2.340955.GCGTTCTA-GCGTTCTA.filter-METAGENOME.fastq.gz	rr0884
/home/glbrc.org/trina.mcmahon/TYMEFLIES/data/experiment_35061/TYMME1rr0891_FD/Filtered_Raw_Data/52460.2.340955.TATGGCAG-TATGGCAG.filter-METAGENOME.fastq.gz	rr0891
/home/glbrc.org/trina.mcmahon/TYMEFLIES/data/experiment_35061/TYMME1rr0905_FD/Filtered_Raw_Data/52438.4.334100.GTAGCATC-GATGCTAC.filter-METAGENOME.fastq.gz	rr0905
/home/glbrc.org/trina.mcmahon/TYMEFLIES/data/experiment_35061/TYMME1rr0917_FD/Filtered_Raw_Data/52460.2.340955.GAACACAC-GAACACAC.filter-METAGENOME.fastq.gz	rr0917
/home/glbrc.org/trina.mcmahon/TYMEFLIES/data/experiment_35061/TYMME1rr0924_FD/Filtered_Raw_Data/52463.1.341545.GGAAGCTA-GGAAGCTA.filter-METAGENOME.fastq.gz	rr0924
/home/glbrc.org/trina.mcmahon/TYMEFLIES/data/experiment_35061/TYMME1rr0927_FD/Filtered_Raw_Data/52463.1.341545.TCGTCTCA-TCGTCTCA.filter-METAGENOME.fastq.gz	rr0927
/home/glbrc.org/trina.mcmahon/TYMEFLIES/data/experiment_35061/TYMME1rr0932_FD/Filtered_Raw_Data/52463.1.341545.CAGTCCAA-CAGTCCAA.filter-METAGENOME.fastq.gz	rr0932
/home/glbrc.org/trina.mcmahon/TYMEFLIES/data/experiment_35061/TYMME1rr0940_FD/Filtered_Raw_Data/52463.1.341545.GTAGGAGT-GTAGGAGT.filter-METAGENOME.fastq.gz	rr0940
/home/glbrc.org/trina.mcmahon/TYMEFLIES/data/experiment_35061/TYMME1rr0942_FD/Filtered_Raw_Data/52463.1.341545.ATCTCGCT-ATCTCGCT.filter-METAGENOME.fastq.gz	rr0942
/home/glbrc.org/trina.mcmahon/TYMEFLIES/data/experiment_35061/TYMME1rr0946_FD/Filtered_Raw_Data/52463.1.341545.GTGTCTGA-GTGTCTGA.filter-METAGENOME.fastq.gz	rr0946
/home/glbrc.org/trina.mcmahon/TYMEFLIES/data/experiment_35061/TYMME1rr0953_FD/Filtered_Raw_Data/52463.1.341545.GATGCACT-GATGCACT.filter-METAGENOME.fastq.gz	rr0953
/home/glbrc.org/trina.mcmahon/TYMEFLIES/data/experiment_35061/TYMME1rr0959_FD/Filtered_Raw_Data/52463.1.341545.TGTGAAGC-TGTGAAGC.filter-METAGENOME.fastq.gz	rr0959
/home/glbrc.org/trina.mcmahon/TYMEFLIES/data/experiment_35061/TYMME1rr0960_FD/Filtered_Raw_Data/52463.1.341545.TCAACTGG-TCAACTGG.filter-METAGENOME.fastq.gz	rr0960
/home/glbrc.org/trina.mcmahon/TYMEFLIES/data/experiment_35061/TYMME1rr0974_FD/Filtered_Raw_Data/52465.4.342312.TGGACTCT-TGGACTCT.filter-METAGENOME.fastq.gz	rr0974
/home/glbrc.org/trina.mcmahon/TYMEFLIES/data/experiment_35061/TYMME1rr0976_FD/Filtered_Raw_Data/52465.4.342312.AGCTTGAG-AGCTTGAG.filter-METAGENOME.fastq.gz	rr0976
/home/glbrc.org/trina.mcmahon/TYMEFLIES/data/experiment_35061/TYMME1rr0977_FD/Filtered_Raw_Data/52465.4.342312.CGGAATAC-CGGAATAC.filter-METAGENOME.fastq.gz	rr0977
/home/glbrc.org/trina.mcmahon/TYMEFLIES/data/experiment_35061/TYMME1rr0981_FD/Filtered_Raw_Data/52465.4.342312.GCACAACT-GCACAACT.filter-METAGENOME.fastq.gz	rr0981
/home/glbrc.org/trina.mcmahon/TYMEFLIES/data/experiment_35061/TYMME1rr0982_FD/Filtered_Raw_Data/52438.4.334100.GCTGTAAG-CTTACAGC.filter-METAGENOME.fastq.gz	rr0982
/home/glbrc.org/trina.mcmahon/TYMEFLIES/data/experiment_35061/TYMME1rr0991_FD/Filtered_Raw_Data/52465.4.342312.ACGTTACC-ACGTTACC.filter-METAGENOME.fastq.gz	rr0991
/home/glbrc.org/trina.mcmahon/TYMEFLIES/data/experiment_35061/TYMME1ww0112_FD/Filtered_Raw_Data/52439.4.334348.GGACTGTT-AACAGTCC.filter-METAGENOME.fastq.gz	ww0112
/home/glbrc.org/trina.mcmahon/TYMEFLIES/data/experiment_35061/TYMME1ww0182_FD/Filtered_Raw_Data/52439.4.334348.CCTCAGTT-AACTGAGG.filter-METAGENOME.fastq.gz	ww0182
/home/glbrc.org/trina.mcmahon/TYMEFLIES/data/experiment_35061/TYMME1ww0265_FD/Filtered_Raw_Data/52441.2.335479.AGCAAGCA-TGCTTGCT.filter-METAGENOME.fastq.gz	ww0265
/home/glbrc.org/trina.mcmahon/TYMEFLIES/data/experiment_35061/TYMME1ww0406_FD/Filtered_Raw_Data/52437.1.333590.GCCTTGTT-AACAAGGC.filter-METAGENOME.fastq.gz	ww0406
/home/glbrc.org/trina.mcmahon/TYMEFLIES/data/experiment_35061/TYMME2rd0076_FD/Filtered_Raw_Data/52434.1.332899.TTGATCCG-CGGATCAA.filter-METAGENOME.fastq.gz	rd0076
/home/glbrc.org/trina.mcmahon/TYMEFLIES/data/experiment_35061/TYMME2rd0113_FD/Filtered_Raw_Data/52439.4.334348.ACGGAACA-TGTTCCGT.filter-METAGENOME.fastq.gz	rd0113
/home/glbrc.org/trina.mcmahon/TYMEFLIES/data/experiment_35061/TYMME2rd0137_FD/Filtered_Raw_Data/52439.4.334348.CGTAGGTT-AACCTACG.filter-METAGENOME.fastq.gz	rd0137
/home/glbrc.org/trina.mcmahon/TYMEFLIES/data/experiment_35061/TYMME2rd0189_FD/Filtered_Raw_Data/52434.1.332899.TCTCGTGT-ACACGAGA.filter-METAGENOME.fastq.gz	rd0189
/home/glbrc.org/trina.mcmahon/TYMEFLIES/data/experiment_35061/TYMME2rd0522_FD/Filtered_Raw_Data/52437.3.333700.CGACCATT-AATGGTCG.filter-METAGENOME.fastq.gz	rd0522
/home/glbrc.org/trina.mcmahon/TYMEFLIES/data/experiment_35061/TYMME2rd0687_FD/Filtered_Raw_Data/52439.2.334221.ATGCACGA-TCGTGCAT.filter-METAGENOME.fastq.gz	rd0687
/home/glbrc.org/trina.mcmahon/TYMEFLIES/data/experiment_35061/TYMME2rd0738_FD/Filtered_Raw_Data/52435.1.333446.TTAGGTCG-CGACCTAA.filter-METAGENOME.fastq.gz	rd0738
/home/glbrc.org/trina.mcmahon/TYMEFLIES/data/experiment_35061/TYMME2rd0943_FD/Filtered_Raw_Data/52463.1.341545.TAGAGCTC-TAGAGCTC.filter-METAGENOME.fastq.gz	rd0943
/home/glbrc.org/trina.mcmahon/TYMEFLIES/data/experiment_35061/TYMME2rf0788_FD/Filtered_Raw_Data/52435.2.333480.ACATAGGC-GCCTATGT.filter-METAGENOME.fastq.gz	rf0788
/home/glbrc.org/trina.mcmahon/TYMEFLIES/data/experiment_35061/TYMME2rf0895_FD/Filtered_Raw_Data/52460.2.340955.GTCCTAAG-GTCCTAAG.filter-METAGENOME.fastq.gz	rf0895
/home/glbrc.org/trina.mcmahon/TYMEFLIES/data/experiment_35061/TYMME2rr0002_FD/Filtered_Raw_Data/12845.4.291124.GAGCTCAA-TTGAGCTC.filter-METAGENOME.fastq.gz	rr0002
/home/glbrc.org/trina.mcmahon/TYMEFLIES/data/experiment_35061/TYMME2rr0004_FD/Filtered_Raw_Data/12845.4.291124.CGGTTGTT-AACAACCG.filter-METAGENOME.fastq.gz	rr0004
/home/glbrc.org/trina.mcmahon/TYMEFLIES/data/experiment_35061/TYMME2rr0011_FD/Filtered_Raw_Data/12845.4.291124.CTGACACA-TGTGTCAG.filter-METAGENOME.fastq.gz	rr0011
/home/glbrc.org/trina.mcmahon/TYMEFLIES/data/experiment_35061/TYMME2rr0014_FD/Filtered_Raw_Data/52437.4.333734.TTGGTCTC-GAGACCAA.filter-METAGENOME.fastq.gz	rr0014
/home/glbrc.org/trina.mcmahon/TYMEFLIES/data/experiment_35061/TYMME2rr0037_FD/Filtered_Raw_Data/12844.1.289902.ACCATCCA-TGGATGGT.filter-METAGENOME.fastq.gz	rr0037
/home/glbrc.org/trina.mcmahon/TYMEFLIES/data/experiment_35061/TYMME2rr0045_FD/Filtered_Raw_Data/12844.1.289902.GCTACGTT-AACGTAGC.filter-METAGENOME.fastq.gz	rr0045
/home/glbrc.org/trina.mcmahon/TYMEFLIES/data/experiment_35061/TYMME2rr0046_FD/Filtered_Raw_Data/12844.1.289902.CGCTTAAC-GTTAAGCG.filter-METAGENOME.fastq.gz	rr0046
/home/glbrc.org/trina.mcmahon/TYMEFLIES/data/experiment_35061/TYMME2rr0049_FD/Filtered_Raw_Data/12844.1.289902.AGTCTCAC-GTGAGACT.filter-METAGENOME.fastq.gz	rr0049
/home/glbrc.org/trina.mcmahon/TYMEFLIES/data/experiment_35061/TYMME2rr0052_FD/Filtered_Raw_Data/12844.1.289902.CCTCAGTT-AACTGAGG.filter-METAGENOME.fastq.gz	rr0052
/home/glbrc.org/trina.mcmahon/TYMEFLIES/data/experiment_35061/TYMME2rr0056_FD/Filtered_Raw_Data/12844.1.289902.GAACGCTT-AAGCGTTC.filter-METAGENOME.fastq.gz	rr0056
/home/glbrc.org/trina.mcmahon/TYMEFLIES/data/experiment_35061/TYMME2rr0058_FD/Filtered_Raw_Data/12844.1.289902.GTGAGCTT-AAGCTCAC.filter-METAGENOME.fastq.gz	rr0058
/home/glbrc.org/trina.mcmahon/TYMEFLIES/data/experiment_35061/TYMME2rr0066_FD/Filtered_Raw_Data/12844.1.289902.TGACTGAC-GTCAGTCA.filter-METAGENOME.fastq.gz	rr0066
/home/glbrc.org/trina.mcmahon/TYMEFLIES/data/experiment_35061/TYMME2rr0070_FD/Filtered_Raw_Data/12844.1.289902.TACGCCTT-AAGGCGTA.filter-METAGENOME.fastq.gz	rr0070
/home/glbrc.org/trina.mcmahon/TYMEFLIES/data/experiment_35061/TYMME2rr0085_FD/Filtered_Raw_Data/12844.2.289969.AGCAAGCA-TGCTTGCT.filter-METAGENOME.fastq.gz	rr0085
/home/glbrc.org/trina.mcmahon/TYMEFLIES/data/experiment_35061/TYMME2rr0090_FD/Filtered_Raw_Data/12844.2.289969.CACGTTGT-ACAACGTG.filter-METAGENOME.fastq.gz	rr0090
/home/glbrc.org/trina.mcmahon/TYMEFLIES/data/experiment_35061/TYMME2rr0118_FD/Filtered_Raw_Data/52439.4.334348.GTTCGGTT-AACCGAAC.filter-METAGENOME.fastq.gz	rr0118
/home/glbrc.org/trina.mcmahon/TYMEFLIES/data/experiment_35061/TYMME2rr0119_FD/Filtered_Raw_Data/12844.2.289969.GAAGTACC-GGTACTTC.filter-METAGENOME.fastq.gz	rr0119
/home/glbrc.org/trina.mcmahon/TYMEFLIES/data/experiment_35061/TYMME2rr0122_FD/Filtered_Raw_Data/12844.2.289969.TAGTGACC-GGTCACTA.filter-METAGENOME.fastq.gz	rr0122
/home/glbrc.org/trina.mcmahon/TYMEFLIES/data/experiment_35061/TYMME2rr0126_FD/Filtered_Raw_Data/12844.2.289969.CACTGACA-TGTCAGTG.filter-METAGENOME.fastq.gz	rr0126
/home/glbrc.org/trina.mcmahon/TYMEFLIES/data/experiment_35061/TYMME2rr0131_FD/Filtered_Raw_Data/12844.2.289969.CATACCAC-GTGGTATG.filter-METAGENOME.fastq.gz	rr0131
/home/glbrc.org/trina.mcmahon/TYMEFLIES/data/experiment_35061/TYMME2rr0133_FD/Filtered_Raw_Data/12844.2.289969.TTGTCGGT-ACCGACAA.filter-METAGENOME.fastq.gz	rr0133
/home/glbrc.org/trina.mcmahon/TYMEFLIES/data/experiment_35061/TYMME2rr0134_FD/Filtered_Raw_Data/12844.2.289969.CCAAGCAA-TTGCTTGG.filter-METAGENOME.fastq.gz	rr0134
/home/glbrc.org/trina.mcmahon/TYMEFLIES/data/experiment_35061/TYMME2rr0139_FD/Filtered_Raw_Data/12844.2.289969.AAGAGCCA-TGGCTCTT.filter-METAGENOME.fastq.gz	rr0139
/home/glbrc.org/trina.mcmahon/TYMEFLIES/data/experiment_35061/TYMME2rr0143_FD/Filtered_Raw_Data/12844.2.289969.TGTACCGT-ACGGTACA.filter-METAGENOME.fastq.gz	rr0143
/home/glbrc.org/trina.mcmahon/TYMEFLIES/data/experiment_35061/TYMME2rr0157_FD/Filtered_Raw_Data/12859.3.292495.CACCTTAC-GTAAGGTG.filter-METAGENOME.fastq.gz	rr0157
/home/glbrc.org/trina.mcmahon/TYMEFLIES/data/experiment_35061/TYMME2rr0158_FD/Filtered_Raw_Data/12859.3.292495.ACCGTAGT-ACTACGGT.filter-METAGENOME.fastq.gz	rr0158
/home/glbrc.org/trina.mcmahon/TYMEFLIES/data/experiment_35061/TYMME2rr0166_FD/Filtered_Raw_Data/12859.3.292495.CTCGATAC-GTATCGAG.filter-METAGENOME.fastq.gz	rr0166
/home/glbrc.org/trina.mcmahon/TYMEFLIES/data/experiment_35061/TYMME2rr0169_FD/Filtered_Raw_Data/52439.4.334348.CGCTTAAC-GTTAAGCG.filter-METAGENOME.fastq.gz	rr0169
/home/glbrc.org/trina.mcmahon/TYMEFLIES/data/experiment_35061/TYMME2rr0173_FD/Filtered_Raw_Data/12859.3.292495.GATCGAGT-ACTCGATC.filter-METAGENOME.fastq.gz	rr0173
/home/glbrc.org/trina.mcmahon/TYMEFLIES/data/experiment_35061/TYMME2rr0179_FD/Filtered_Raw_Data/12859.3.292495.AGTGCAGT-ACTGCACT.filter-METAGENOME.fastq.gz	rr0179
/home/glbrc.org/trina.mcmahon/TYMEFLIES/data/experiment_35061/TYMME2rr0191_FD/Filtered_Raw_Data/12859.3.292495.TGTCCAGA-TCTGGACA.filter-METAGENOME.fastq.gz	rr0191
/home/glbrc.org/trina.mcmahon/TYMEFLIES/data/experiment_35061/TYMME2rr0214_FD/Filtered_Raw_Data/52591.1.391091.GTCAGTTG-GTCAGTTG.filter-METAGENOME.fastq.gz	rr0214
/home/glbrc.org/trina.mcmahon/TYMEFLIES/data/experiment_35061/TYMME2rr0220_FD/Filtered_Raw_Data/52441.2.335479.CCTTCCTT-AAGGAAGG.filter-METAGENOME.fastq.gz	rr0220
/home/glbrc.org/trina.mcmahon/TYMEFLIES/data/experiment_35061/TYMME2rr0246_FD/Filtered_Raw_Data/52441.2.335479.AGAGCCTT-AAGGCTCT.filter-METAGENOME.fastq.gz	rr0246
/home/glbrc.org/trina.mcmahon/TYMEFLIES/data/experiment_35061/TYMME2rr0261_FD/Filtered_Raw_Data/52441.2.335479.GAGGACTT-AAGTCCTC.filter-METAGENOME.fastq.gz	rr0261
/home/glbrc.org/trina.mcmahon/TYMEFLIES/data/experiment_35061/TYMME2rr0266_FD/Filtered_Raw_Data/52434.1.332899.CATGGCTA-TAGCCATG.filter-METAGENOME.fastq.gz	rr0266
/home/glbrc.org/trina.mcmahon/TYMEFLIES/data/experiment_35061/TYMME2rr0288_FD/Filtered_Raw_Data/52441.2.335479.CACGTTGT-ACAACGTG.filter-METAGENOME.fastq.gz	rr0288
/home/glbrc.org/trina.mcmahon/TYMEFLIES/data/experiment_35061/TYMME2rr0290_FD/Filtered_Raw_Data/52441.2.335479.CAGAGTGT-ACACTCTG.filter-METAGENOME.fastq.gz	rr0290
/home/glbrc.org/trina.mcmahon/TYMEFLIES/data/experiment_35061/TYMME2rr0291_FD/Filtered_Raw_Data/52441.2.335479.GGATACCA-TGGTATCC.filter-METAGENOME.fastq.gz	rr0291
/home/glbrc.org/trina.mcmahon/TYMEFLIES/data/experiment_35061/TYMME2rr0292_FD/Filtered_Raw_Data/52441.2.335479.ACCTCTGT-ACAGAGGT.filter-METAGENOME.fastq.gz	rr0292
/home/glbrc.org/trina.mcmahon/TYMEFLIES/data/experiment_35061/TYMME2rr0294_FD/Filtered_Raw_Data/52441.3.335545.TGGATCAC-GTGATCCA.filter-METAGENOME.fastq.gz	rr0294
/home/glbrc.org/trina.mcmahon/TYMEFLIES/data/experiment_35061/TYMME2rr0311_FD/Filtered_Raw_Data/52441.3.335545.TGGCATGT-ACATGCCA.filter-METAGENOME.fastq.gz	rr0311
/home/glbrc.org/trina.mcmahon/TYMEFLIES/data/experiment_35061/TYMME2rr0314_FD/Filtered_Raw_Data/52441.3.335545.TGCTTGGT-ACCAAGCA.filter-METAGENOME.fastq.gz	rr0314
/home/glbrc.org/trina.mcmahon/TYMEFLIES/data/experiment_35061/TYMME2rr0319_FD/Filtered_Raw_Data/52441.3.335545.CCAAGCAA-TTGCTTGG.filter-METAGENOME.fastq.gz	rr0319
/home/glbrc.org/trina.mcmahon/TYMEFLIES/data/experiment_35061/TYMME2rr0328_FD/Filtered_Raw_Data/52441.3.335545.AGAAGCGT-ACGCTTCT.filter-METAGENOME.fastq.gz	rr0328
/home/glbrc.org/trina.mcmahon/TYMEFLIES/data/experiment_35061/TYMME2rr0332_FD/Filtered_Raw_Data/52438.4.334100.CCTATACC-GGTATAGG.filter-METAGENOME.fastq.gz	rr0332
/home/glbrc.org/trina.mcmahon/TYMEFLIES/data/experiment_35061/TYMME2rr0350_FD/Filtered_Raw_Data/52442.1.335689.GTGAATCC-GGATTCAC.filter-METAGENOME.fastq.gz	rr0350
/home/glbrc.org/trina.mcmahon/TYMEFLIES/data/experiment_35061/TYMME2rr0365_FD/Filtered_Raw_Data/52442.1.335689.CTATCGCA-TGCGATAG.filter-METAGENOME.fastq.gz	rr0365
/home/glbrc.org/trina.mcmahon/TYMEFLIES/data/experiment_35061/TYMME2rr0410_FD/Filtered_Raw_Data/52437.1.333590.TGTACACC-GGTGTACA.filter-METAGENOME.fastq.gz	rr0410
/home/glbrc.org/trina.mcmahon/TYMEFLIES/data/experiment_35061/TYMME2rr0415_FD/Filtered_Raw_Data/52437.1.333590.AGCTAACC-GGTTAGCT.filter-METAGENOME.fastq.gz	rr0415
/home/glbrc.org/trina.mcmahon/TYMEFLIES/data/experiment_35061/TYMME2rr0416_FD/Filtered_Raw_Data/52437.1.333590.GGACTGTT-AACAGTCC.filter-METAGENOME.fastq.gz	rr0416
/home/glbrc.org/trina.mcmahon/TYMEFLIES/data/experiment_35061/TYMME2rr0417_FD/Filtered_Raw_Data/52437.1.333590.ACGGAACA-TGTTCCGT.filter-METAGENOME.fastq.gz	rr0417
/home/glbrc.org/trina.mcmahon/TYMEFLIES/data/experiment_35061/TYMME2rr0419_FD/Filtered_Raw_Data/52437.1.333590.GTTCGGTT-AACCGAAC.filter-METAGENOME.fastq.gz	rr0419
/home/glbrc.org/trina.mcmahon/TYMEFLIES/data/experiment_35061/TYMME2rr0426_FD/Filtered_Raw_Data/52437.1.333590.CGTAGGTT-AACCTACG.filter-METAGENOME.fastq.gz	rr0426
/home/glbrc.org/trina.mcmahon/TYMEFLIES/data/experiment_35061/TYMME2rr0435_FD/Filtered_Raw_Data/52437.1.333590.ACCATCCA-TGGATGGT.filter-METAGENOME.fastq.gz	rr0435
/home/glbrc.org/trina.mcmahon/TYMEFLIES/data/experiment_35061/TYMME2rr0439_FD/Filtered_Raw_Data/52437.1.333590.CGCTTAAC-GTTAAGCG.filter-METAGENOME.fastq.gz	rr0439
/home/glbrc.org/trina.mcmahon/TYMEFLIES/data/experiment_35061/TYMME2rr0443_FD/Filtered_Raw_Data/52437.1.333590.AGTCTCAC-GTGAGACT.filter-METAGENOME.fastq.gz	rr0443
/home/glbrc.org/trina.mcmahon/TYMEFLIES/data/experiment_35061/TYMME2rr0454_FD/Filtered_Raw_Data/52437.1.333590.GTAACGAC-GTCGTTAC.filter-METAGENOME.fastq.gz	rr0454
/home/glbrc.org/trina.mcmahon/TYMEFLIES/data/experiment_35061/TYMME2rr0456_FD/Filtered_Raw_Data/52437.1.333590.GAACGCTT-AAGCGTTC.filter-METAGENOME.fastq.gz	rr0456
/home/glbrc.org/trina.mcmahon/TYMEFLIES/data/experiment_35061/TYMME2rr0462_FD/Filtered_Raw_Data/52435.3.333514.CCTACTGA-TCAGTAGG.filter-METAGENOME.fastq.gz	rr0462
/home/glbrc.org/trina.mcmahon/TYMEFLIES/data/experiment_35061/TYMME2rr0489_FD/Filtered_Raw_Data/52437.3.333700.TCTCTTCC-GGAAGAGA.filter-METAGENOME.fastq.gz	rr0489
/home/glbrc.org/trina.mcmahon/TYMEFLIES/data/experiment_35061/TYMME2rr0493_FD/Filtered_Raw_Data/52437.3.333700.GAGGACTT-AAGTCCTC.filter-METAGENOME.fastq.gz	rr0493
/home/glbrc.org/trina.mcmahon/TYMEFLIES/data/experiment_35061/TYMME2rr0502_FD/Filtered_Raw_Data/52437.3.333700.GCTGGATT-AATCCAGC.filter-METAGENOME.fastq.gz	rr0502
/home/glbrc.org/trina.mcmahon/TYMEFLIES/data/experiment_35061/TYMME2rr0558_FD/Filtered_Raw_Data/52437.3.333700.ACCTCTGT-ACAGAGGT.filter-METAGENOME.fastq.gz	rr0558
/home/glbrc.org/trina.mcmahon/TYMEFLIES/data/experiment_35061/TYMME2rr0567_FD/Filtered_Raw_Data/52437.3.333700.CTTGCTGT-ACAGCAAG.filter-METAGENOME.fastq.gz	rr0567
/home/glbrc.org/trina.mcmahon/TYMEFLIES/data/experiment_35061/TYMME2rr0574_FD/Filtered_Raw_Data/52438.4.334100.CCGTATCT-AGATACGG.filter-METAGENOME.fastq.gz	rr0574
/home/glbrc.org/trina.mcmahon/TYMEFLIES/data/experiment_35061/TYMME2rr0611_FD/Filtered_Raw_Data/52437.3.333700.CACTGACA-TGTCAGTG.filter-METAGENOME.fastq.gz	rr0611
/home/glbrc.org/trina.mcmahon/TYMEFLIES/data/experiment_35061/TYMME2rr0620_FD/Filtered_Raw_Data/52437.3.333700.CATACCAC-GTGGTATG.filter-METAGENOME.fastq.gz	rr0620
/home/glbrc.org/trina.mcmahon/TYMEFLIES/data/experiment_35061/TYMME2rr0626_FD/Filtered_Raw_Data/52437.3.333700.TTGTCGGT-ACCGACAA.filter-METAGENOME.fastq.gz	rr0626
/home/glbrc.org/trina.mcmahon/TYMEFLIES/data/experiment_35061/TYMME2rr0629_FD/Filtered_Raw_Data/52437.4.333734.TAACCGGT-ACCGGTTA.filter-METAGENOME.fastq.gz	rr0629
/home/glbrc.org/trina.mcmahon/TYMEFLIES/data/experiment_35061/TYMME2rr0637_FD/Filtered_Raw_Data/52437.4.333734.AGAAGCGT-ACGCTTCT.filter-METAGENOME.fastq.gz	rr0637
/home/glbrc.org/trina.mcmahon/TYMEFLIES/data/experiment_35061/TYMME2rr0643_FD/Filtered_Raw_Data/52437.4.333734.TGTACCGT-ACGGTACA.filter-METAGENOME.fastq.gz	rr0643
/home/glbrc.org/trina.mcmahon/TYMEFLIES/data/experiment_35061/TYMME2rr0646_FD/Filtered_Raw_Data/52437.4.333734.CCATACGT-ACGTATGG.filter-METAGENOME.fastq.gz	rr0646
/home/glbrc.org/trina.mcmahon/TYMEFLIES/data/experiment_35061/TYMME2rr0647_FD/Filtered_Raw_Data/52437.4.333734.TTGAGGCA-TGCCTCAA.filter-METAGENOME.fastq.gz	rr0647
/home/glbrc.org/trina.mcmahon/TYMEFLIES/data/experiment_35061/TYMME2rr0660_FD/Filtered_Raw_Data/52437.4.333734.ACCGTAGT-ACTACGGT.filter-METAGENOME.fastq.gz	rr0660
/home/glbrc.org/trina.mcmahon/TYMEFLIES/data/experiment_35061/TYMME2rr0664_FD/Filtered_Raw_Data/52437.4.333734.CTCGATAC-GTATCGAG.filter-METAGENOME.fastq.gz	rr0664
/home/glbrc.org/trina.mcmahon/TYMEFLIES/data/experiment_35061/TYMME2rr0684_FD/Filtered_Raw_Data/52439.2.334221.GCATGTCT-AGACATGC.filter-METAGENOME.fastq.gz	rr0684
/home/glbrc.org/trina.mcmahon/TYMEFLIES/data/experiment_35061/TYMME2rr0688_FD/Filtered_Raw_Data/52439.2.334221.CAAGGTCT-AGACCTTG.filter-METAGENOME.fastq.gz	rr0688
/home/glbrc.org/trina.mcmahon/TYMEFLIES/data/experiment_35061/TYMME2rr0690_FD/Filtered_Raw_Data/52439.2.334221.TGTCCAGA-TCTGGACA.filter-METAGENOME.fastq.gz	rr0690
/home/glbrc.org/trina.mcmahon/TYMEFLIES/data/experiment_35061/TYMME2rr0701_FD/Filtered_Raw_Data/52435.1.333446.GCACTCAT-ATGAGTGC.filter-METAGENOME.fastq.gz	rr0701
/home/glbrc.org/trina.mcmahon/TYMEFLIES/data/experiment_35061/TYMME2rr0702_FD/Filtered_Raw_Data/52435.1.333446.CAGGTATC-GATACCTG.filter-METAGENOME.fastq.gz	rr0702
/home/glbrc.org/trina.mcmahon/TYMEFLIES/data/experiment_35061/TYMME2rr0704_FD/Filtered_Raw_Data/52435.1.333446.TTACGGCT-AGCCGTAA.filter-METAGENOME.fastq.gz	rr0704
/home/glbrc.org/trina.mcmahon/TYMEFLIES/data/experiment_35061/TYMME2rr0706_FD/Filtered_Raw_Data/52435.1.333446.AATGCCTC-GAGGCATT.filter-METAGENOME.fastq.gz	rr0706
/home/glbrc.org/trina.mcmahon/TYMEFLIES/data/experiment_35061/TYMME2rr0710_FD/Filtered_Raw_Data/52435.1.333446.ACTCAGAC-GTCTGAGT.filter-METAGENOME.fastq.gz	rr0710
/home/glbrc.org/trina.mcmahon/TYMEFLIES/data/experiment_35061/TYMME2rr0716_FD/Filtered_Raw_Data/52435.1.333446.GACTTAGG-CCTAAGTC.filter-METAGENOME.fastq.gz	rr0716
/home/glbrc.org/trina.mcmahon/TYMEFLIES/data/experiment_35061/TYMME2rr0719_FD/Filtered_Raw_Data/52435.1.333446.TTGACAGG-CCTGTCAA.filter-METAGENOME.fastq.gz	rr0719
/home/glbrc.org/trina.mcmahon/TYMEFLIES/data/experiment_35061/TYMME2rr0720_FD/Filtered_Raw_Data/52435.1.333446.CAAGTGCA-TGCACTTG.filter-METAGENOME.fastq.gz	rr0720
/home/glbrc.org/trina.mcmahon/TYMEFLIES/data/experiment_35061/TYMME2rr0723_FD/Filtered_Raw_Data/52435.1.333446.GATAGGCT-AGCCTATC.filter-METAGENOME.fastq.gz	rr0723
/home/glbrc.org/trina.mcmahon/TYMEFLIES/data/experiment_35061/TYMME2rr0732_FD/Filtered_Raw_Data/52435.1.333446.TTCTCTCG-CGAGAGAA.filter-METAGENOME.fastq.gz	rr0732
/home/glbrc.org/trina.mcmahon/TYMEFLIES/data/experiment_35061/TYMME2rr0739_FD/Filtered_Raw_Data/52435.1.333446.ACTCCATC-GATGGAGT.filter-METAGENOME.fastq.gz	rr0739
/home/glbrc.org/trina.mcmahon/TYMEFLIES/data/experiment_35061/TYMME2rr0747_FD/Filtered_Raw_Data/52435.1.333446.GTGCCATA-TATGGCAC.filter-METAGENOME.fastq.gz	rr0747
/home/glbrc.org/trina.mcmahon/TYMEFLIES/data/experiment_35061/TYMME2rr0751_FD/Filtered_Raw_Data/52435.1.333446.GGCGTTAT-ATAACGCC.filter-METAGENOME.fastq.gz	rr0751
/home/glbrc.org/trina.mcmahon/TYMEFLIES/data/experiment_35061/TYMME2rr0753_FD/Filtered_Raw_Data/52435.1.333446.ACGACAGA-TCTGTCGT.filter-METAGENOME.fastq.gz	rr0753
/home/glbrc.org/trina.mcmahon/TYMEFLIES/data/experiment_35061/TYMME2rr0769_FD/Filtered_Raw_Data/52435.2.333480.ATGGAAGG-CCTTCCAT.filter-METAGENOME.fastq.gz	rr0769
/home/glbrc.org/trina.mcmahon/TYMEFLIES/data/experiment_35061/TYMME2rr0774_FD/Filtered_Raw_Data/52435.2.333480.GGACCTAT-ATAGGTCC.filter-METAGENOME.fastq.gz	rr0774
/home/glbrc.org/trina.mcmahon/TYMEFLIES/data/experiment_35061/TYMME2rr0776_FD/Filtered_Raw_Data/52435.2.333480.CGATGCTT-AAGCATCG.filter-METAGENOME.fastq.gz	rr0776
/home/glbrc.org/trina.mcmahon/TYMEFLIES/data/experiment_35061/TYMME2rr0778_FD/Filtered_Raw_Data/52435.2.333480.TAGCCGAA-TTCGGCTA.filter-METAGENOME.fastq.gz	rr0778
/home/glbrc.org/trina.mcmahon/TYMEFLIES/data/experiment_35061/TYMME2rr0782_FD/Filtered_Raw_Data/52435.2.333480.CGCTAGTA-TACTAGCG.filter-METAGENOME.fastq.gz	rr0782
/home/glbrc.org/trina.mcmahon/TYMEFLIES/data/experiment_35061/TYMME2rr0787_FD/Filtered_Raw_Data/52435.2.333480.TTGCGAAG-CTTCGCAA.filter-METAGENOME.fastq.gz	rr0787
/home/glbrc.org/trina.mcmahon/TYMEFLIES/data/experiment_35061/TYMME2rr0790_FD/Filtered_Raw_Data/52435.2.333480.CTGAAGCT-AGCTTCAG.filter-METAGENOME.fastq.gz	rr0790
/home/glbrc.org/trina.mcmahon/TYMEFLIES/data/experiment_35061/TYMME2rr0794_FD/Filtered_Raw_Data/52435.2.333480.TGCTTCCA-TGGAAGCA.filter-METAGENOME.fastq.gz	rr0794
/home/glbrc.org/trina.mcmahon/TYMEFLIES/data/experiment_35061/TYMME2rr0801_FD/Filtered_Raw_Data/52435.2.333480.CTTCGTTC-GAACGAAG.filter-METAGENOME.fastq.gz	rr0801
/home/glbrc.org/trina.mcmahon/TYMEFLIES/data/experiment_35061/TYMME2rr0804_FD/Filtered_Raw_Data/52435.2.333480.TGCGAACT-AGTTCGCA.filter-METAGENOME.fastq.gz	rr0804
/home/glbrc.org/trina.mcmahon/TYMEFLIES/data/experiment_35061/TYMME2rr0810_FD/Filtered_Raw_Data/52435.2.333480.TCTCCGAT-ATCGGAGA.filter-METAGENOME.fastq.gz	rr0810
/home/glbrc.org/trina.mcmahon/TYMEFLIES/data/experiment_35061/TYMME2rr0817_FD/Filtered_Raw_Data/52435.2.333480.TTGTGTGC-GCACACAA.filter-METAGENOME.fastq.gz	rr0817
/home/glbrc.org/trina.mcmahon/TYMEFLIES/data/experiment_35061/TYMME2rr0820_FD/Filtered_Raw_Data/52435.2.333480.ACTGCTAG-CTAGCAGT.filter-METAGENOME.fastq.gz	rr0820
/home/glbrc.org/trina.mcmahon/TYMEFLIES/data/experiment_35061/TYMME2rr0821_FD/Filtered_Raw_Data/52435.2.333480.GTCATCGA-TCGATGAC.filter-METAGENOME.fastq.gz	rr0821
/home/glbrc.org/trina.mcmahon/TYMEFLIES/data/experiment_35061/TYMME2rr0822_FD/Filtered_Raw_Data/52435.2.333480.GAAGAGGT-ACCTCTTC.filter-METAGENOME.fastq.gz	rr0822
/home/glbrc.org/trina.mcmahon/TYMEFLIES/data/experiment_35061/TYMME2rr0823_FD/Filtered_Raw_Data/52435.2.333480.AGTCGACA-TGTCGACT.filter-METAGENOME.fastq.gz	rr0823
/home/glbrc.org/trina.mcmahon/TYMEFLIES/data/experiment_35061/TYMME2rr0830_FD/Filtered_Raw_Data/52435.3.333514.CTCCTAGA-TCTAGGAG.filter-METAGENOME.fastq.gz	rr0830
/home/glbrc.org/trina.mcmahon/TYMEFLIES/data/experiment_35061/TYMME2rr0833_FD/Filtered_Raw_Data/52435.3.333514.TCTGAGAG-CTCTCAGA.filter-METAGENOME.fastq.gz	rr0833
/home/glbrc.org/trina.mcmahon/TYMEFLIES/data/experiment_35061/TYMME2rr0836_FD/Filtered_Raw_Data/52435.3.333514.AAGTGTCG-CGACACTT.filter-METAGENOME.fastq.gz	rr0836
/home/glbrc.org/trina.mcmahon/TYMEFLIES/data/experiment_35061/TYMME2rr0842_FD/Filtered_Raw_Data/52435.3.333514.CATAACGG-CCGTTATG.filter-METAGENOME.fastq.gz	rr0842
/home/glbrc.org/trina.mcmahon/TYMEFLIES/data/experiment_35061/TYMME2rr0844_FD/Filtered_Raw_Data/52435.3.333514.TGATGTCC-GGACATCA.filter-METAGENOME.fastq.gz	rr0844
/home/glbrc.org/trina.mcmahon/TYMEFLIES/data/experiment_35061/TYMME2rr0845_FD/Filtered_Raw_Data/52435.3.333514.GTACTCTC-GAGAGTAC.filter-METAGENOME.fastq.gz	rr0845
/home/glbrc.org/trina.mcmahon/TYMEFLIES/data/experiment_35061/TYMME2rr0860_FD/Filtered_Raw_Data/52435.3.333514.AGCGGAAT-ATTCCGCT.filter-METAGENOME.fastq.gz	rr0860
/home/glbrc.org/trina.mcmahon/TYMEFLIES/data/experiment_35061/TYMME2rr0861_FD/Filtered_Raw_Data/52435.3.333514.AACGTGGA-TCCACGTT.filter-METAGENOME.fastq.gz	rr0861
/home/glbrc.org/trina.mcmahon/TYMEFLIES/data/experiment_35061/TYMME2rr0865_FD/Filtered_Raw_Data/52435.3.333514.GATTGCTC-GAGCAATC.filter-METAGENOME.fastq.gz	rr0865
/home/glbrc.org/trina.mcmahon/TYMEFLIES/data/experiment_35061/TYMME2rr0879_FD/Filtered_Raw_Data/52460.2.340955.CTTCTGAG-CTTCTGAG.filter-METAGENOME.fastq.gz	rr0879
/home/glbrc.org/trina.mcmahon/TYMEFLIES/data/experiment_35061/TYMME2rr0880_FD/Filtered_Raw_Data/52460.2.340955.GAATCCGA-GAATCCGA.filter-METAGENOME.fastq.gz	rr0880
/home/glbrc.org/trina.mcmahon/TYMEFLIES/data/experiment_35061/TYMME2rr0882_FD/Filtered_Raw_Data/52460.2.340955.ATCCAGAG-ATCCAGAG.filter-METAGENOME.fastq.gz	rr0882
/home/glbrc.org/trina.mcmahon/TYMEFLIES/data/experiment_35061/TYMME2rr0892_FD/Filtered_Raw_Data/52460.2.340955.AGCACTTC-AGCACTTC.filter-METAGENOME.fastq.gz	rr0892
/home/glbrc.org/trina.mcmahon/TYMEFLIES/data/experiment_35061/TYMME2rr0896_FD/Filtered_Raw_Data/52460.2.340955.CAGTCTTC-CAGTCTTC.filter-METAGENOME.fastq.gz	rr0896
/home/glbrc.org/trina.mcmahon/TYMEFLIES/data/experiment_35061/TYMME2rr0898_FD/Filtered_Raw_Data/52460.2.340955.GCTCTGTA-GCTCTGTA.filter-METAGENOME.fastq.gz	rr0898
/home/glbrc.org/trina.mcmahon/TYMEFLIES/data/experiment_35061/TYMME2rr0901_FD/Filtered_Raw_Data/52460.2.340955.TTGGTCTC-TTGGTCTC.filter-METAGENOME.fastq.gz	rr0901
/home/glbrc.org/trina.mcmahon/TYMEFLIES/data/experiment_35061/TYMME2rr0911_FD/Filtered_Raw_Data/52460.2.340955.GATTCAGC-GATTCAGC.filter-METAGENOME.fastq.gz	rr0911
/home/glbrc.org/trina.mcmahon/TYMEFLIES/data/experiment_35061/TYMME2rr0916_FD/Filtered_Raw_Data/52460.2.340955.GGCTATTG-GGCTATTG.filter-METAGENOME.fastq.gz	rr0916
/home/glbrc.org/trina.mcmahon/TYMEFLIES/data/experiment_35061/TYMME2rr0923_FD/Filtered_Raw_Data/52463.1.341545.GGCAAGTT-GGCAAGTT.filter-METAGENOME.fastq.gz	rr0923
/home/glbrc.org/trina.mcmahon/TYMEFLIES/data/experiment_35061/TYMME2rr0926_FD/Filtered_Raw_Data/52463.1.341545.CCGTATCT-CCGTATCT.filter-METAGENOME.fastq.gz	rr0926
/home/glbrc.org/trina.mcmahon/TYMEFLIES/data/experiment_35061/TYMME2rr0928_FD/Filtered_Raw_Data/52463.1.341545.AGCAGATG-AGCAGATG.filter-METAGENOME.fastq.gz	rr0928
/home/glbrc.org/trina.mcmahon/TYMEFLIES/data/experiment_35061/TYMME2rr0941_FD/Filtered_Raw_Data/52463.1.341545.ACGCCTAA-ACGCCTAA.filter-METAGENOME.fastq.gz	rr0941
/home/glbrc.org/trina.mcmahon/TYMEFLIES/data/experiment_35061/TYMME2rr0947_FD/Filtered_Raw_Data/52463.1.341545.TCCTACCT-TCCTACCT.filter-METAGENOME.fastq.gz	rr0947
/home/glbrc.org/trina.mcmahon/TYMEFLIES/data/experiment_35061/TYMME2rr0949_FD/Filtered_Raw_Data/52463.1.341545.CGGATTGA-CGGATTGA.filter-METAGENOME.fastq.gz	rr0949
/home/glbrc.org/trina.mcmahon/TYMEFLIES/data/experiment_35061/TYMME2rr0951_FD/Filtered_Raw_Data/52463.1.341545.ACCTGACT-ACCTGACT.filter-METAGENOME.fastq.gz	rr0951
/home/glbrc.org/trina.mcmahon/TYMEFLIES/data/experiment_35061/TYMME2rr0954_FD/Filtered_Raw_Data/52463.1.341545.CTCATTGC-CTCATTGC.filter-METAGENOME.fastq.gz	rr0954
/home/glbrc.org/trina.mcmahon/TYMEFLIES/data/experiment_35061/TYMME2rr0963_FD/Filtered_Raw_Data/52463.1.341545.TTCCAAGG-TTCCAAGG.filter-METAGENOME.fastq.gz	rr0963
/home/glbrc.org/trina.mcmahon/TYMEFLIES/data/experiment_35061/TYMME2rr0966_FD/Filtered_Raw_Data/52463.1.341545.CATGTTCC-CATGTTCC.filter-METAGENOME.fastq.gz	rr0966
/home/glbrc.org/trina.mcmahon/TYMEFLIES/data/experiment_35061/TYMME2rr0973_FD/Filtered_Raw_Data/52465.4.342312.ACCTTCTC-ACCTTCTC.filter-METAGENOME.fastq.gz	rr0973
/home/glbrc.org/trina.mcmahon/TYMEFLIES/data/experiment_35061/TYMME2rr0975_FD/Filtered_Raw_Data/52465.4.342312.TCTAACGC-TCTAACGC.filter-METAGENOME.fastq.gz	rr0975
/home/glbrc.org/trina.mcmahon/TYMEFLIES/data/experiment_35061/TYMME2rr0978_FD/Filtered_Raw_Data/52465.4.342312.TCAGGCTT-TCAGGCTT.filter-METAGENOME.fastq.gz	rr0978
/home/glbrc.org/trina.mcmahon/TYMEFLIES/data/experiment_35061/TYMME2rr0980_FD/Filtered_Raw_Data/52542.4.375086.TATTCCGG-TATTCCGG.filter-METAGENOME.fastq.gz	rr0980
/home/glbrc.org/trina.mcmahon/TYMEFLIES/data/experiment_35061/TYMME2rr0985_FD/Filtered_Raw_Data/52465.4.342312.AGGTCACT-AGGTCACT.filter-METAGENOME.fastq.gz	rr0985
/home/glbrc.org/trina.mcmahon/TYMEFLIES/data/experiment_35061/TYMME2rr0987_FD/Filtered_Raw_Data/52465.4.342312.CGTGTACT-CGTGTACT.filter-METAGENOME.fastq.gz	rr0987
/home/glbrc.org/trina.mcmahon/TYMEFLIES/data/experiment_35061/TYMME2ww0363_FD/Filtered_Raw_Data/52442.1.335689.GATCGAGT-ACTCGATC.filter-METAGENOME.fastq.gz	ww0363
/home/glbrc.org/trina.mcmahon/TYMEFLIES/data/experiment_35061/TYMME2ww0467_FD/Filtered_Raw_Data/52437.3.333700.TGACTGAC-GTCAGTCA.filter-METAGENOME.fastq.gz	ww0467
/home/glbrc.org/trina.mcmahon/TYMEFLIES/data/experiment_35061/TYMME3rd0164_FD/Filtered_Raw_Data/52439.4.334348.ACCATCCA-TGGATGGT.filter-METAGENOME.fastq.gz	rd0164
/home/glbrc.org/trina.mcmahon/TYMEFLIES/data/experiment_35061/TYMME3rr0003_FD/Filtered_Raw_Data/12845.4.291124.ATAGCGGT-ACCGCTAT.filter-METAGENOME.fastq.gz	rr0003
/home/glbrc.org/trina.mcmahon/TYMEFLIES/data/experiment_35061/TYMME3rr0036_FD/Filtered_Raw_Data/12844.1.289902.TGTGCGTT-AACGCACA.filter-METAGENOME.fastq.gz	rr0036
/home/glbrc.org/trina.mcmahon/TYMEFLIES/data/experiment_35061/TYMME3rr0204_FD/Filtered_Raw_Data/52441.2.335479.GAACGCTT-AAGCGTTC.filter-METAGENOME.fastq.gz	rr0204
/home/glbrc.org/trina.mcmahon/TYMEFLIES/data/experiment_35061/TYMME3rr0209_FD/Filtered_Raw_Data/52441.2.335479.ATTGAGCC-GGCTCAAT.filter-METAGENOME.fastq.gz	rr0209
/home/glbrc.org/trina.mcmahon/TYMEFLIES/data/experiment_35061/TYMME3rr0283_FD/Filtered_Raw_Data/52441.2.335479.TCGGTTAC-GTAACCGA.filter-METAGENOME.fastq.gz	rr0283
/home/glbrc.org/trina.mcmahon/TYMEFLIES/data/experiment_35061/TYMME3rr0289_FD/Filtered_Raw_Data/52441.2.335479.GTTCAACC-GGTTGAAC.filter-METAGENOME.fastq.gz	rr0289
/home/glbrc.org/trina.mcmahon/TYMEFLIES/data/experiment_35061/TYMME3rr0298_FD/Filtered_Raw_Data/52441.3.335545.CTTGCTGT-ACAGCAAG.filter-METAGENOME.fastq.gz	rr0298
/home/glbrc.org/trina.mcmahon/TYMEFLIES/data/experiment_35061/TYMME3rr0313_FD/Filtered_Raw_Data/52441.3.335545.CACTGACA-TGTCAGTG.filter-METAGENOME.fastq.gz	rr0313
/home/glbrc.org/trina.mcmahon/TYMEFLIES/data/experiment_35061/TYMME3rr0452_FD/Filtered_Raw_Data/52437.1.333590.ACGGTCTT-AAGACCGT.filter-METAGENOME.fastq.gz	rr0452
/home/glbrc.org/trina.mcmahon/TYMEFLIES/data/experiment_35061/TYMME3rr0457_FD/Filtered_Raw_Data/52437.1.333590.ATTGAGCC-GGCTCAAT.filter-METAGENOME.fastq.gz	rr0457
/home/glbrc.org/trina.mcmahon/TYMEFLIES/data/experiment_35061/TYMME3rr0531_FD/Filtered_Raw_Data/52438.4.334100.CATGGAAC-GTTCCATG.filter-METAGENOME.fastq.gz	rr0531
/home/glbrc.org/trina.mcmahon/TYMEFLIES/data/experiment_35061/TYMME3rr0766_FD/Filtered_Raw_Data/52435.2.333480.GATTACCG-CGGTAATC.filter-METAGENOME.fastq.gz	rr0766
/home/glbrc.org/trina.mcmahon/TYMEFLIES/data/experiment_35061/TYMME3rr0815_FD/Filtered_Raw_Data/52435.2.333480.AGAGTAGC-GCTACTCT.filter-METAGENOME.fastq.gz	rr0815
/home/glbrc.org/trina.mcmahon/TYMEFLIES/data/experiment_35061/TYMME3rr0825_FD/Filtered_Raw_Data/52435.3.333514.AAGCACTG-CAGTGCTT.filter-METAGENOME.fastq.gz	rr0825
/home/glbrc.org/trina.mcmahon/TYMEFLIES/data/experiment_35061/TYMME3rr0841_FD/Filtered_Raw_Data/52435.3.333514.GTGTTCCT-AGGAACAC.filter-METAGENOME.fastq.gz	rr0841
/home/glbrc.org/trina.mcmahon/TYMEFLIES/data/experiment_35061/TYMME3rr0855_FD/Filtered_Raw_Data/52435.3.333514.GGCATACT-AGTATGCC.filter-METAGENOME.fastq.gz	rr0855
/home/glbrc.org/trina.mcmahon/TYMEFLIES/data/experiment_35061/TYMME3rr0909_FD/Filtered_Raw_Data/52460.2.340955.AAGAAGGC-AAGAAGGC.filter-METAGENOME.fastq.gz	rr0909
/home/glbrc.org/trina.mcmahon/TYMEFLIES/data/experiment_35061/TYMME3rr0910_FD/Filtered_Raw_Data/52460.2.340955.GTAGTCAG-GTAGTCAG.filter-METAGENOME.fastq.gz	rr0910
/home/glbrc.org/trina.mcmahon/TYMEFLIES/data/experiment_35061/TYMME3rr0934_FD/Filtered_Raw_Data/52463.1.341545.GTCAGTTG-GTCAGTTG.filter-METAGENOME.fastq.gz	rr0934
/home/glbrc.org/trina.mcmahon/TYMEFLIES/data/experiment_35061/TYMME3rr0938_FD/Filtered_Raw_Data/52463.1.341545.GCCTATCA-GCCTATCA.filter-METAGENOME.fastq.gz	rr0938
/home/glbrc.org/trina.mcmahon/TYMEFLIES/data/experiment_35061/TYMME3rr0967_FD/Filtered_Raw_Data/52463.1.341545.AAGTCGAG-AAGTCGAG.filter-METAGENOME.fastq.gz	rr0967
/home/glbrc.org/trina.mcmahon/TYMEFLIES/data/experiment_35061/TYMME3rr0970_FD/Filtered_Raw_Data/52465.4.342312.TCGTAGTC-TCGTAGTC.filter-METAGENOME.fastq.gz	rr0970
/home/glbrc.org/trina.mcmahon/TYMEFLIES/data/experiment_35061/TYMME3rr0989_FD/Filtered_Raw_Data/52438.4.334100.TCGAGTGA-TCACTCGA.filter-METAGENOME.fastq.gz	rr0989
